repo,pr_number,ns,nd,nf,entropy,la,ld,lt,fix,ndev,age,nuc,exp,rexp,sexp
Aider-AI/aider,4935,1,1,2,0.9852,2,5,2789,1,5,149.22,238,47,0,0
Aider-AI/aider,4899,4,4,15,3.4087,56,42,2412,0,12,159.54,591,47,0,0
Aider-AI/aider,4674,1,1,2,0.8454,9,2,2319,0,31,121.46,612,47,0,0
Aider-AI/aider,4682,1,1,1,0.0,2,2,2485,0,14,256.59,721,47,0,0
Aider-AI/aider,4830,1,1,1,0.0,5,1,1694,0,25,218.96,480,47,0,0
Aider-AI/aider,4838,2,2,2,0.8113,19,1,345,1,5,240.79,148,47,0,0
Aider-AI/aider,4772,3,4,8,2.1224,130,155,2155,0,9,82.02,487,47,0,0
Aider-AI/aider,4748,1,1,1,0.0,4,2,110,1,2,16.88,26,47,0,0
Aider-AI/aider,4698,1,1,1,0.0,121,0,2258,0,18,19.84,131,47,0,0
Aider-AI/aider,4656,1,2,2,0.1176,188,1,3370,0,35,76.23,589,47,0,0
Aider-AI/aider,4621,2,3,3,1.4573,13,0,504,0,7,0.11,96,47,0,0
Aider-AI/aider,4620,2,3,3,1.3294,16,0,501,0,6,129.96,95,47,0,0
Aider-AI/aider,4557,1,1,4,1.9749,0,9,517,0,3,156.78,81,47,1,0
Aider-AI/aider,4552,1,2,2,0.9852,7,7,2571,1,19,1.09,146,47,1,0
Aider-AI/aider,4551,1,2,2,0.9183,78,6,2499,0,18,54.29,144,47,1,0
Aider-AI/aider,4547,1,1,1,0.0,7,0,2061,0,16,0.75,125,47,1,0
Aider-AI/aider,4544,1,1,1,0.0,14,0,2047,0,15,27.15,124,47,1,0
Aider-AI/aider,4541,1,1,1,0.0,1,0,23,0,1,233.58,1,47,1,0
Aider-AI/aider,4534,1,1,1,0.0,15,0,0,0,0,0.0,0,47,1,0
Aider-AI/aider,4493,1,1,1,0.0,60,0,0,0,0,0.0,0,47,2,0
Aider-AI/aider,4475,1,1,1,0.0,87,0,1713,0,6,21.96,85,47,2,0
Aider-AI/aider,4412,1,1,1,0.0,29,1,1684,0,5,24.24,83,47,2,0
Aider-AI/aider,4410,1,1,2,0.9183,5,1,480,0,5,135.09,294,47,2,0
Aider-AI/aider,4342,1,1,2,0.9495,19,0,2513,0,16,2.55,168,46,1,0
Aider-AI/aider,4324,1,1,2,0.7335,34,0,2467,0,15,13.04,163,46,1,0
Aider-AI/aider,4321,1,1,1,0.0,1,0,1691,1,24,8.79,477,46,1,0
Aider-AI/aider,3789,2,3,5,1.3542,353,56,5464,0,26,31.7,1531,45,2,0
Aider-AI/aider,3733,1,1,1,0.0,2,1,62,1,3,185.92,14,45,2,0
Aider-AI/aider,3752,1,2,2,0.0,9,3,31,0,2,192.99,5,45,2,0
Aider-AI/aider,3764,1,1,1,0.0,18,17,143,0,2,140.97,26,46,1,0
Aider-AI/aider,4307,1,1,1,0.0,0,3,64,0,6,56.27,17,46,1,0
Aider-AI/aider,4300,1,1,1,0.0,3,5,1295,1,20,13.06,457,46,1,0
Aider-AI/aider,4264,1,1,1,0.0,1,1,657,0,4,65.76,97,46,1,0
Aider-AI/aider,3870,1,3,5,2.2357,39,4,3049,0,26,45.22,941,46,1,0
Aider-AI/aider,4028,1,2,2,0.8813,9,1,847,0,3,46.18,138,46,1,0
Aider-AI/aider,4271,1,1,1,0.0,2,1,1181,1,19,0.11,369,46,1,0
Aider-AI/aider,4257,1,1,1,0.0,2,0,1179,0,18,17.0,367,46,1,0
Aider-AI/aider,4268,1,1,2,0.7277,69,0,2467,0,15,4.25,159,46,1,0
Aider-AI/aider,4269,2,2,2,0.9887,43,5,3874,1,23,25.42,618,46,1,0
Aider-AI/aider,4260,2,4,4,1.4428,65,0,495,0,5,85.13,93,46,1,0
Aider-AI/aider,4254,1,1,2,0.7219,44,1,2424,0,15,1.49,157,45,0,0
Aider-AI/aider,4242,1,2,3,1.236,73,21,3667,0,30,8.16,611,45,0,0
Aider-AI/aider,4228,1,4,7,2.2844,25,11,5555,0,44,29.27,1397,45,0,0
Aider-AI/aider,4236,1,1,1,0.0,6,0,105,0,2,12.15,6,45,0,0
Aider-AI/aider,4156,1,1,1,0.0,11,6,1250,1,16,2.69,451,45,2,0
Aider-AI/aider,4022,1,2,2,0.9988,13,12,3751,1,14,2.36,220,45,0,0
Aider-AI/aider,4210,1,1,1,0.0,56,0,1789,0,9,2.38,106,45,0,0
Aider-AI/aider,4199,1,1,1,0.0,2,1,1268,0,18,2.06,523,45,0,0
Aider-AI/aider,4193,1,1,1,0.0,5,1,1175,0,17,6.87,366,45,0,0
Aider-AI/aider,4182,1,1,1,0.0,9,9,1789,1,8,2.03,103,45,0,0
Aider-AI/aider,3609,2,4,6,0.9876,135,2,8559,0,39,8.59,2210,45,0,0
Aider-AI/aider,4172,1,1,1,0.0,1,1,105,0,1,25.61,5,45,0,0
Aider-AI/aider,4163,1,1,1,0.0,32,2,1255,0,17,1.11,452,45,2,0
Aider-AI/aider,4161,2,2,2,0.9486,44,5,1300,0,8,1.82,167,45,2,0
Aider-AI/aider,4057,1,1,1,0.0,1,1,757,1,2,48.94,6,45,2,0
Aider-AI/aider,4150,2,2,3,1.2192,35,5,2445,1,20,16.15,530,45,2,0
Aider-AI/aider,4146,2,5,8,2.7671,34,2,8467,0,29,18.62,2056,45,2,0
Aider-AI/aider,4114,1,1,1,0.0,1,1,468,0,9,18.88,44,45,2,0
Aider-AI/aider,4092,1,1,1,0.0,23,0,1222,0,15,0.91,447,45,2,0
Aider-AI/aider,4096,1,1,1,0.0,10,10,1749,0,7,0.82,97,45,2,0
Aider-AI/aider,4008,1,1,1,0.0,1,1,1665,1,20,1.87,466,45,2,0
Aider-AI/aider,3993,1,1,1,0.0,14,14,906,0,16,2.73,212,45,2,0
Aider-AI/aider,3823,6,7,10,1.5807,56,8,1114,0,9,145.24,185,45,2,0
Aider-AI/aider,3983,1,1,1,0.0,27,1,188,0,1,0.26,3,45,2,0
Aider-AI/aider,3982,1,1,2,1.0,2,2,1905,0,9,0.29,133,45,2,0
Aider-AI/aider,3564,1,1,1,0.0,49,0,1144,0,14,0.09,419,45,2,0
Aider-AI/aider,3679,2,4,5,1.9,332,2,490,0,4,40.72,92,45,2,0
Aider-AI/aider,3381,1,1,2,0.7642,14,4,819,0,4,127.57,98,45,2,0
Aider-AI/aider,3806,2,2,3,0.7176,136,4,2502,0,27,31.72,664,45,2,0
Aider-AI/aider,3869,4,4,5,2.0597,24,8,1327,1,12,42.51,354,45,2,0
Aider-AI/aider,3931,1,1,1,0.0,2,2,118,0,2,45.58,8,45,2,0
Aider-AI/aider,3930,1,1,1,0.0,5,1,158,0,2,126.12,52,45,2,0
Aider-AI/aider,3898,1,1,1,0.0,1,1,1174,1,15,27.68,363,45,2,0
Aider-AI/aider,3828,2,2,2,0.379,67,1,1221,1,6,72.84,108,45,2,0
Aider-AI/aider,3831,1,1,1,0.0,1,1,22,0,4,127.04,11,45,2,0
Aider-AI/aider,3776,1,1,1,0.0,0,1,63,0,4,5.62,15,45,2,0
Aider-AI/aider,3736,1,1,2,0.9183,22,5,1465,0,6,0.98,76,45,2,0
Aider-AI/aider,3735,1,1,1,0.0,40,4,492,0,6,0.2,31,45,2,0
Aider-AI/aider,3692,1,1,1,0.0,0,5,433,0,1,0.9,33,45,3,0
Aider-AI/aider,3698,1,1,1,0.0,1,0,145,0,3,17.77,15,45,3,0
getmaxun/maxun,1009,3,16,21,3.2871,1182,369,14673,0,15,74.5,1022,3331,29,0
getmaxun/maxun,1016,1,1,1,0.0,1,1,137,0,8,12.14,166,0,0,0
getmaxun/maxun,1015,1,1,1,0.0,18,0,1315,1,4,131.93,33,3329,27,0
getmaxun/maxun,1014,2,2,2,1.0,2,2,436,1,7,39.76,209,3329,27,0
getmaxun/maxun,1010,1,1,1,0.0,16,9,16,1,2,356.87,3,3329,27,0
getmaxun/maxun,1005,1,1,1,0.0,115,0,1026,0,4,0.15,22,3329,27,0
getmaxun/maxun,998,3,7,14,2.9455,314,114,9908,1,10,23.95,1003,3329,27,0
getmaxun/maxun,999,3,5,11,2.6183,101,9,6133,1,7,122.63,675,3329,27,0
getmaxun/maxun,1012,1,1,2,0.3228,62,6,2534,0,5,42.56,125,3329,27,0
getmaxun/maxun,1011,1,1,1,0.0,1,0,0,1,0,0.0,0,3329,27,0
getmaxun/maxun,1004,4,14,19,nan,685,136,0,0,0,0.0,0,0,0,0
getmaxun/maxun,1003,1,1,1,0.0,1,1,137,0,8,14.85,163,3329,39,0
getmaxun/maxun,1002,2,3,3,1.0171,87,37,3314,0,5,38.53,360,3329,39,0
getmaxun/maxun,1001,1,1,1,0.0,7,17,285,0,1,16.31,20,3329,39,0
getmaxun/maxun,1000,1,3,3,1.4432,37,12,3298,1,4,19.6,108,3329,41,0
getmaxun/maxun,994,2,2,2,0.5813,53,55,2696,1,7,31.58,203,3329,41,0
getmaxun/maxun,993,3,6,7,2.0586,427,7,4907,0,10,50.57,515,3329,41,0
getmaxun/maxun,997,1,1,1,0.0,12,3,909,1,5,22.76,69,3328,40,0
getmaxun/maxun,992,5,15,17,nan,835,1264,0,0,0,0.0,0,0,0,0
getmaxun/maxun,991,2,2,2,0.9183,3,3,176,0,8,10.78,197,3327,43,0
getmaxun/maxun,987,1,1,1,0.0,11,2,2692,1,4,19.97,144,3327,43,0
getmaxun/maxun,986,1,1,1,0.0,7,7,929,1,2,36.14,23,3327,43,0
getmaxun/maxun,985,2,8,9,0.6875,3,479,4739,0,8,164.55,249,3327,43,0
getmaxun/maxun,983,1,1,1,0.0,2,2,507,1,3,11.2,84,3327,43,0
getmaxun/maxun,976,2,3,3,1.0447,808,771,4430,0,3,58.0,57,3327,43,0
getmaxun/maxun,982,1,1,1,0.0,1,0,254,1,3,21.18,39,3326,42,0
getmaxun/maxun,967,4,11,17,nan,796,245,0,0,0,0.0,0,0,0,0
getmaxun/maxun,975,2,2,2,0.9183,3,3,176,0,8,11.25,194,3324,45,0
getmaxun/maxun,974,1,1,1,0.0,60,61,1196,0,3,36.35,47,3324,45,0
getmaxun/maxun,973,1,1,1,0.0,11,13,937,1,4,36.35,23,3324,45,0
getmaxun/maxun,972,1,1,1,0.0,2,2,507,1,3,22.34,83,3324,45,0
getmaxun/maxun,971,1,1,1,0.0,63,5,851,1,5,36.4,68,3324,45,0
getmaxun/maxun,970,1,2,2,0.2975,28,10,1407,1,4,36.38,177,3324,45,0
getmaxun/maxun,969,1,1,1,0.0,34,14,4359,1,4,75.07,31,3324,45,0
getmaxun/maxun,966,1,1,2,1.0,2,2,253,1,9,38.3,205,3324,45,0
getmaxun/maxun,965,1,1,1,0.0,462,108,1886,0,4,32.39,75,3324,45,0
getmaxun/maxun,964,1,1,1,0.0,43,9,2658,1,4,27.07,143,3324,45,0
getmaxun/maxun,963,1,1,1,0.0,71,9,191,0,3,47.07,37,3324,45,0
getmaxun/maxun,960,1,1,1,0.0,2,1,11,0,1,478.29,3,3324,45,0
getmaxun/maxun,962,1,1,1,0.0,1,1,145,1,6,6.89,105,3320,42,0
getmaxun/maxun,961,1,1,2,0.9183,1,2,2345,1,4,46.57,63,3314,44,0
getmaxun/maxun,944,6,32,68,nan,5268,2627,0,0,0,0.0,0,0,0,0
getmaxun/maxun,959,1,1,1,0.0,13,0,494,0,3,0.02,80,3314,44,0
getmaxun/maxun,958,1,3,5,1.6034,0,1374,1878,1,4,13.92,81,3314,44,0
getmaxun/maxun,957,2,6,6,1.1052,41,610,6875,1,9,7.76,362,3313,43,0
getmaxun/maxun,954,4,6,11,1.7872,58,138,1163,0,8,43.32,348,3312,42,0
getmaxun/maxun,956,1,1,1,0.0,1,130,623,0,3,4.1,75,3312,42,0
getmaxun/maxun,955,1,2,3,1.2516,2,4,365,1,6,74.31,86,3312,42,0
getmaxun/maxun,953,1,1,1,0.0,25,1,905,0,2,42.9,17,3309,39,0
getmaxun/maxun,952,1,1,1,0.0,3,1,3,1,1,483.07,1,3309,39,0
getmaxun/maxun,951,1,2,3,0.2478,133,33,1134,0,4,34.46,193,3309,39,0
getmaxun/maxun,950,2,2,4,1.6767,11,11,3119,0,8,16.65,199,3309,39,0
getmaxun/maxun,949,1,1,1,0.0,56,65,334,0,4,18.03,27,3309,39,0
getmaxun/maxun,948,1,1,1,0.0,18,6,46,1,2,407.15,8,3309,39,0
getmaxun/maxun,943,1,3,5,1.6034,1374,0,504,0,4,55.41,76,3309,39,0
getmaxun/maxun,947,1,1,1,0.0,342,169,2485,1,4,17.84,142,3309,39,0
getmaxun/maxun,946,2,6,6,1.1052,610,41,6306,0,9,18.99,351,3309,39,0
getmaxun/maxun,945,1,1,1,0.0,91,41,1836,1,4,18.01,74,3309,39,0
getmaxun/maxun,942,4,11,23,2.6061,487,1451,10182,1,9,120.26,806,3308,39,0
getmaxun/maxun,941,3,5,6,1.8862,3,484,3323,0,9,41.47,291,3308,41,0
getmaxun/maxun,940,2,3,3,0.6346,11,49,2698,0,8,11.83,322,3305,40,0
getmaxun/maxun,938,3,13,21,3.1633,3032,186,14013,0,9,20.39,1033,3305,40,0
getmaxun/maxun,937,3,3,4,1.5073,145,13,3984,0,5,34.95,266,3305,40,0
getmaxun/maxun,936,1,1,1,0.0,47,1,288,0,4,8.92,24,3305,40,0
getmaxun/maxun,935,2,3,3,1.3844,29,7,1194,0,7,122.91,185,3305,40,0
getmaxun/maxun,934,1,1,1,0.0,0,4,865,0,8,14.03,53,3305,40,0
getmaxun/maxun,933,1,1,1,0.0,172,1,1360,0,1,24.02,8,3305,40,0
getmaxun/maxun,932,1,2,2,0.4395,9,2,2046,0,7,23.62,172,3305,40,0
getmaxun/maxun,931,1,1,1,0.0,35,3,750,1,2,24.08,53,3305,40,0
getmaxun/maxun,930,1,2,2,0.874,7,10,1522,0,9,24.43,88,3305,40,0
getmaxun/maxun,928,1,2,2,0.3809,16,11,322,0,4,19.04,22,3305,40,0
getmaxun/maxun,927,1,2,2,1.0,2,2,664,0,3,208.94,74,3305,40,0
getmaxun/maxun,929,1,1,1,0.0,2,2,193,1,3,54.03,14,3302,37,0
getmaxun/maxun,925,3,16,27,nan,6099,220,0,0,0,0.0,0,0,0,0
getmaxun/maxun,924,3,8,11,2.4231,45,28,7229,0,8,4.46,674,3289,28,0
getmaxun/maxun,923,2,3,3,1.585,2,4,1209,1,5,102.59,43,3288,27,0
getmaxun/maxun,922,1,1,1,0.0,1,0,372,1,2,36.04,5,3288,27,0
getmaxun/maxun,921,2,7,7,1.8879,620,136,4201,0,10,23.82,407,3288,27,0
getmaxun/maxun,920,2,8,9,1.8394,5382,5,2025,0,8,9.99,344,3288,27,0
getmaxun/maxun,918,3,13,21,nan,465,99,0,0,0,0.0,0,0,0,0
getmaxun/maxun,917,2,2,2,0.0,3,3,270,0,8,0.66,174,3288,27,0
getmaxun/maxun,909,1,1,1,0.0,38,9,4330,1,4,5.17,29,3288,27,0
getmaxun/maxun,916,2,9,12,2.7059,281,56,7863,0,7,9.08,615,3288,27,0
getmaxun/maxun,915,1,1,1,0.0,98,3,2213,1,4,5.05,49,3288,27,0
getmaxun/maxun,914,1,1,1,0.0,5,4,940,1,7,146.9,126,3288,27,0
getmaxun/maxun,913,3,4,6,2.1649,40,24,1471,1,10,78.24,270,3288,27,0
getmaxun/maxun,908,6,26,61,nan,3657,2552,0,0,0,0.0,0,0,0,0
getmaxun/maxun,907,5,10,15,2.2647,161,149,9161,0,12,12.74,835,3284,25,0
getmaxun/maxun,900,2,11,20,2.8569,1654,1666,12382,1,11,49.21,1241,3284,25,0
getmaxun/maxun,906,5,16,27,3.449,409,100,15604,0,11,94.2,1503,3284,25,0
getmaxun/maxun,895,3,3,14,3.3089,46,54,406,0,4,247.16,50,3284,25,0
getmaxun/maxun,905,1,2,2,0.2753,113,541,6964,0,4,0.18,73,3284,25,0
getmaxun/maxun,904,1,4,6,1.6497,1149,9,9247,0,6,30.96,189,3284,25,0
getmaxun/maxun,901,2,2,2,0.5665,0,15,1197,0,8,9.88,188,3284,25,0
getmaxun/maxun,899,1,1,1,0.0,69,3,1683,1,4,9.92,135,3284,25,0
getmaxun/maxun,897,1,1,1,0.0,14,5,833,1,4,9.96,21,3284,25,0
getmaxun/maxun,894,1,4,4,1.7842,118,72,3005,0,5,9.93,244,3284,25,0
getmaxun/maxun,893,4,18,24,nan,1630,321,0,0,0,0.0,0,0,0,0
getmaxun/maxun,892,1,1,1,0.0,1,1,144,1,8,0.01,121,3280,22,0
getmaxun/maxun,891,3,3,3,1.371,2,8,190,0,8,3.09,151,3280,22,0
getmaxun/maxun,889,3,12,18,3.2599,1420,208,8748,0,10,40.34,739,3280,22,0
getmaxun/maxun,890,2,2,2,0.8061,97,57,2485,1,4,7.46,172,3280,22,0
getmaxun/maxun,886,1,1,1,0.0,4,4,1665,1,4,14.09,131,3280,22,0
getmaxun/maxun,885,1,1,1,0.0,17,26,829,1,2,13.3,39,3280,22,0
getmaxun/maxun,884,1,1,1,0.0,30,14,193,1,2,87.04,3,3280,22,0
getmaxun/maxun,888,1,2,2,1.0,2,2,231,1,3,62.15,92,3279,31,0
getmaxun/maxun,887,1,1,1,0.0,1,1,154,1,3,2.27,10,3279,31,0
getmaxun/maxun,883,2,2,2,0.8113,4,4,181,0,8,18.38,142,3279,31,0
getmaxun/maxun,857,5,17,30,nan,1131,695,0,0,0,0.0,0,0,0,0
getmaxun/maxun,882,1,1,1,0.0,168,6,1153,0,3,0.01,31,3279,31,0
getmaxun/maxun,874,1,4,4,1.1221,16,15,1289,1,4,74.83,63,3279,31,0
getmaxun/maxun,881,1,1,1,0.0,7,1,1147,1,3,0.0,29,3279,31,0
getmaxun/maxun,879,1,1,1,0.0,27,1,1121,0,3,6.91,27,3279,31,0
getmaxun/maxun,878,1,1,1,0.0,26,10,2524,1,4,9.25,43,3279,31,0
getmaxun/maxun,876,1,1,1,0.0,16,16,1665,1,4,23.06,130,3279,31,0
getmaxun/maxun,875,1,1,1,0.0,9,4,941,1,4,6.94,61,3279,31,0
getmaxun/maxun,871,3,4,4,1.7836,119,56,2739,1,5,13.94,119,3279,31,0
getmaxun/maxun,860,2,3,5,1.5967,112,163,5148,0,5,45.95,245,3279,31,0
getmaxun/maxun,331,3,4,4,0.7192,151,8,2531,0,5,9.14,269,3152,826,0
getmaxun/maxun,300,2,2,6,0.7484,68,70,3290,0,4,12.08,172,3152,826,0
liam-hq/liam,4062,2,2,3,0.2492,55,62,23774,0,24,37.92,1401,579,5,0
liam-hq/liam,4052,2,2,3,0.3765,56,30,23746,1,24,57.12,1414,578,5,0
liam-hq/liam,4039,2,2,2,0.2762,34,8,23714,1,24,29.73,1403,577,40,0
liam-hq/liam,4030,2,2,2,0.1426,50,49,23674,0,24,29.86,1386,575,93,0
liam-hq/liam,4025,2,3,4,0.5398,88,77,23774,0,24,21.05,1863,522,102,0
liam-hq/liam,4022,2,2,2,0.1982,53,12,23673,1,24,21.4,1401,576,94,0
liam-hq/liam,4012,2,3,5,2.1011,18,9,1571,0,22,9.8,637,92,13,0
liam-hq/liam,4008,2,2,3,0.6053,18,9,23724,0,25,10.27,1636,92,18,0
liam-hq/liam,4007,1,3,5,1.4788,246,41,194,0,6,75.29,18,92,18,0
liam-hq/liam,4006,2,4,7,2.0661,246,5,214,0,3,82.7,18,92,13,0
liam-hq/liam,4001,1,1,1,nan,0,0,0,0,6,77.91,6,92,19,0
liam-hq/liam,3999,2,3,5,2.1344,16,8,1556,0,22,4.99,631,92,19,0
liam-hq/liam,3998,1,2,2,1.0,2,2,313,0,4,23.66,32,92,19,0
liam-hq/liam,3997,1,1,1,0.0,2,2,82,0,6,6.0,18,92,19,0
liam-hq/liam,3996,1,1,1,0.0,2,2,70,0,6,44.01,20,92,19,0
liam-hq/liam,3995,1,1,1,0.0,25,25,19117,0,9,7.07,167,92,19,0
liam-hq/liam,3994,1,1,1,0.0,1,1,1,0,2,22.16,8,92,19,0
liam-hq/liam,3991,2,2,2,0.65,6,6,23719,0,25,1.92,1626,92,19,0
liam-hq/liam,3990,2,2,2,0.65,6,6,23661,1,22,3.24,1392,572,184,0
liam-hq/liam,3988,3,6,8,1.4489,255,5,23765,0,25,90.96,1544,92,19,0
liam-hq/liam,3987,2,2,2,0.0769,216,209,23673,0,23,3.37,1499,570,182,0
liam-hq/liam,3986,2,5,5,0.5283,89,89,23882,0,25,1.23,2089,569,181,0
liam-hq/liam,3985,2,4,4,0.2736,88,88,23797,0,22,4.06,1858,568,180,0
liam-hq/liam,3984,2,2,2,0.5436,8,8,23712,0,25,2.94,1619,568,180,0
liam-hq/liam,3983,2,5,10,2.0485,13,228,24345,0,23,31.03,1735,11,2,0
liam-hq/liam,3976,1,1,1,0.0,1,1,67,1,9,29.68,27,765,197,0
liam-hq/liam,3975,1,25,30,3.7114,33,138,4319,0,12,10.83,137,92,19,0
liam-hq/liam,3974,1,2,2,1.0,6,6,27,0,1,133.15,2,521,136,0
liam-hq/liam,3972,1,1,1,0.0,536,117,18698,0,9,9.23,166,92,20,0
liam-hq/liam,3971,2,2,2,0.4821,30,18,33,1,4,90.71,5,92,21,0
liam-hq/liam,3968,2,2,2,0.8113,7,1,53,1,3,5.67,9,92,21,0
liam-hq/liam,3966,2,2,2,0.65,6,6,23654,1,22,0.55,1377,564,183,0
liam-hq/liam,3965,2,2,2,0.5436,8,8,23706,1,22,2.44,1670,765,197,0
liam-hq/liam,3963,2,3,3,0.9864,9,9,23737,1,22,1.07,1689,765,197,0
liam-hq/liam,3962,2,2,2,0.4138,12,12,23706,1,22,1.21,1675,765,197,0
liam-hq/liam,3961,2,5,5,0.5238,90,90,23883,0,25,4.37,2057,559,178,0
liam-hq/liam,3960,1,1,1,0.0,1,1,63,0,12,2.68,172,564,183,0
liam-hq/liam,3959,2,20,21,0.7237,693,694,24567,0,25,4.98,3123,560,179,0
liam-hq/liam,3958,2,2,2,0.0607,251,32,23494,0,25,0.21,1603,559,178,0
liam-hq/liam,3957,1,1,3,0.1246,171,170,23770,0,22,11.31,1518,765,197,0
liam-hq/liam,3956,2,2,2,0.65,6,6,23494,0,25,0.02,1601,557,177,0
liam-hq/liam,3955,2,2,2,0.65,6,6,23494,0,25,4.25,1599,556,176,0
liam-hq/liam,3953,1,3,8,2.6716,217,159,272,0,9,53.3,33,92,21,0
liam-hq/liam,3952,1,3,5,1.6258,6,6,129,0,3,0.76,11,92,23,0
liam-hq/liam,3951,1,1,2,0.4395,11,0,107,1,2,0.93,5,92,23,0
liam-hq/liam,3948,1,11,18,3.5733,698,146,3882,0,15,5.73,126,762,224,0
liam-hq/liam,3947,1,6,13,3.0396,342,101,287,0,3,3.36,20,519,135,0
liam-hq/liam,3946,1,6,8,0.6061,946,14,257,0,11,1.53,64,92,23,0
liam-hq/liam,3945,1,2,2,0.4395,9,2,384,1,7,16.29,41,518,142,0
liam-hq/liam,3944,1,3,6,1.6093,59,22,448,0,5,10.09,35,518,142,0
liam-hq/liam,3943,2,3,5,1.3492,114,182,922,0,5,14.4,84,92,21,0
liam-hq/liam,3941,1,9,14,3.2774,246,8,1799,0,8,11.5,186,518,142,0
liam-hq/liam,3938,1,1,2,0.9868,9,65,373,0,2,5.79,6,519,134,0
liam-hq/liam,3937,1,6,11,2.6659,11,352,851,0,12,12.94,170,11,2,0
liam-hq/liam,3934,2,7,7,2.4269,5,74,24112,0,23,0.59,1696,92,23,0
liam-hq/liam,3933,3,95,100,6.5466,1486,1597,8462,0,14,49.96,263,11,2,0
liam-hq/liam,3932,1,13,22,3.8444,87,85,1809,0,11,10.48,217,518,147,0
liam-hq/liam,3930,1,8,19,2.2159,13,17,135,0,10,62.32,41,518,147,0
liam-hq/liam,3929,1,1,1,0.0,14,24,160,0,3,8.12,5,518,147,0
liam-hq/liam,3928,1,5,5,1.8635,26,27,528,0,7,47.68,36,744,210,0
liam-hq/liam,3925,1,4,6,1.7585,46,7,171,0,4,26.96,29,765,197,0
liam-hq/liam,3924,1,45,88,4.8853,1150,1101,2660,0,13,66.28,256,11,2,0
liam-hq/liam,3923,2,2,6,0.6631,401,1,23487,0,23,27.98,1501,744,210,0
liam-hq/liam,3922,1,6,10,2.5913,290,3,415,0,6,34.6,18,11,2,0
liam-hq/liam,3921,1,6,11,2.5698,668,2,435,0,6,0.15,21,92,23,0
liam-hq/liam,3920,1,2,2,1.0,6,6,140,1,4,14.01,6,92,23,0
liam-hq/liam,3919,1,3,9,2.8385,135,36,94,0,6,19.95,31,518,149,0
liam-hq/liam,3916,1,5,14,3.2269,356,21,190,0,11,12.19,63,518,152,0
liam-hq/liam,3914,1,3,8,2.1926,230,39,266,0,10,23.95,54,518,152,0
liam-hq/liam,3913,1,2,2,0.8113,4,4,202,1,8,21.54,29,518,149,0
liam-hq/liam,3912,1,1,1,0.0,5,0,119,0,4,22.21,19,11,2,0
liam-hq/liam,3910,1,2,2,1.0,27,5,15,0,4,30.6,16,92,24,0
liam-hq/liam,3909,1,1,1,0.0,3,8,99,1,2,0.04,4,11,2,0
liam-hq/liam,3904,1,10,30,2.0912,383,5,380,0,16,11.14,88,517,151,0
liam-hq/liam,3902,1,2,7,nan,74,53,0,0,0,0.0,0,0,0,0
liam-hq/liam,3900,1,1,2,0.9947,17,18,22,0,3,11.04,13,517,151,0
liam-hq/liam,3898,1,1,1,0.0,842,936,23502,0,22,1.05,1318,763,225,0
liam-hq/liam,3897,2,3,4,1.896,38,11,280,0,2,10.87,31,736,202,0
liam-hq/liam,3896,1,1,1,0.0,2,4,121,1,5,6.68,18,92,24,0
liam-hq/liam,3895,1,2,7,2.3224,116,95,342,0,7,3.57,40,11,2,0
liam-hq/liam,3893,1,1,1,0.0,10,17,96,0,1,3.21,1,92,24,0
liam-hq/liam,3892,1,1,1,0.0,94,138,18742,0,9,9.12,165,92,23,0
liam-hq/liam,3891,2,2,2,0.2006,32,32,23321,1,22,2.56,1354,518,148,0
liam-hq/liam,3890,2,2,2,0.65,6,6,23305,0,22,0.66,1342,552,188,0
liam-hq/liam,3888,2,2,2,0.0509,167,182,23321,1,22,0.75,1436,505,139,0
liam-hq/liam,3887,2,2,2,0.65,6,6,23308,1,23,0.75,1334,505,139,0
liam-hq/liam,3886,2,2,2,0.65,6,6,23288,1,22,0.25,1350,549,189,0
liam-hq/liam,3884,2,2,2,0.5226,34,34,23326,1,22,0.75,1648,724,204,0
liam-hq/liam,3883,1,1,1,0.0,1,1,25,0,4,195.96,7,505,139,0
liam-hq/liam,3882,1,1,1,0.0,1,1,59,0,12,1.51,167,724,204,0
liam-hq/liam,3881,2,16,17,0.3424,710,710,24055,0,25,3.41,2943,546,186,0
liam-hq/liam,3880,2,2,2,0.9183,3,3,23290,0,22,1.19,1336,724,204,0
liam-hq/liam,3879,2,3,3,0.4895,42,11,23350,1,22,2.37,1497,505,139,0
liam-hq/liam,3878,2,2,2,0.65,6,6,23305,0,22,0.67,1336,543,183,0
liam-hq/liam,3877,2,2,2,0.65,6,6,23290,0,22,0.07,1329,543,183,0
liam-hq/liam,3876,2,4,4,0.2142,106,126,23452,0,22,3.5,1794,541,181,0
liam-hq/liam,3875,1,1,2,1.0,2,2,275,0,8,8.92,85,505,139,0
liam-hq/liam,3874,1,3,4,1.9787,114,165,910,0,5,2.69,32,11,2,0
liam-hq/liam,3873,1,1,1,0.0,2,2,88,1,2,10.16,12,92,26,0
liam-hq/liam,3872,1,1,4,1.7836,38,20,237,1,5,79.92,13,92,24,0
liam-hq/liam,3856,2,4,11,3.1687,38,33,1780,0,23,12.3,813,92,20,0
liam-hq/liam,3869,1,5,13,2.3609,44,116,1315,0,9,25.09,197,735,202,0
liam-hq/liam,3864,1,12,34,3.8094,1195,104,604,0,17,42.22,99,517,151,0
liam-hq/liam,3827,1,7,13,2.5209,262,203,800,0,4,21.84,80,92,24,0
liam-hq/liam,3853,1,2,6,1.8664,177,5,3068,1,5,53.8,56,92,24,0
liam-hq/liam,3870,1,1,1,0.0,59,16,336,1,3,2.95,12,514,148,0
liam-hq/liam,3825,1,5,8,2.7608,66,76,837,0,8,20.37,78,724,204,0
liam-hq/liam,3871,1,1,1,0.0,264,0,0,1,0,0.0,0,11,2,0
liam-hq/liam,3867,1,1,1,0.0,359,17,146,0,2,14.73,13,92,26,0
liam-hq/liam,3863,1,7,18,3.3251,154,69,378,0,4,123.33,15,92,26,0
liam-hq/liam,3806,1,5,11,2.8158,96,126,410,0,10,85.07,63,92,26,0
liam-hq/liam,3865,2,2,2,0.735,120,1,143,0,3,70.99,8,11,2,0
liam-hq/liam,3854,2,3,5,0.6713,1321,0,81,0,8,24.24,44,91,25,0
liam-hq/liam,3848,1,2,2,0.8338,9,25,2533,0,3,0.98,6,11,2,0
liam-hq/liam,3849,1,1,1,0.0,1,1,288,0,2,128.79,2,11,2,0
liam-hq/liam,3862,1,13,16,3.7071,89,192,2264,1,14,45.87,256,90,24,0
liam-hq/liam,3859,1,2,2,0.4489,28,4,216,1,7,2.05,30,90,24,0
liam-hq/liam,3860,1,4,4,1.7298,31,28,392,0,12,14.51,111,503,137,0
liam-hq/liam,3843,1,2,10,2.8045,452,51,375,0,3,21.82,32,503,137,0
liam-hq/liam,3818,2,2,2,0.3912,7,19,23336,0,22,1.19,1331,11,2,0
liam-hq/liam,3830,2,2,2,0.0575,262,40,23156,0,25,1.54,1570,719,202,0
liam-hq/liam,3846,1,3,3,0.5204,6,925,4286,0,10,1.9,50,502,136,0
liam-hq/liam,3851,1,1,1,0.0,15,14,217,0,7,0.06,21,11,2,0
liam-hq/liam,3833,2,2,2,0.2668,95,15,64,1,7,11.28,17,718,201,0
liam-hq/liam,3847,1,2,2,0.4225,525,34,3386,1,1,2.38,3,90,24,0
liam-hq/liam,3850,1,8,18,3.5785,639,350,1400,0,14,20.78,58,90,24,0
liam-hq/liam,3832,2,3,5,2.0454,22,11,1509,0,22,3.5,608,90,24,0
liam-hq/liam,3821,1,1,1,0.0,91,91,18742,0,9,16.36,164,90,24,0
liam-hq/liam,3837,1,6,11,2.8519,1381,84,581,0,10,25.1,73,11,2,0
liam-hq/liam,3840,1,1,1,0.0,9,3,157,1,3,5.81,8,90,24,0
liam-hq/liam,3831,1,8,20,3.3006,360,536,1641,0,11,38.44,77,90,24,0
liam-hq/liam,3835,1,1,1,0.0,7,3,83,0,5,0.88,8,90,24,0
liam-hq/liam,3834,1,2,2,0.679,13,26,669,1,8,4.09,41,499,133,0
liam-hq/liam,3826,1,1,1,0.0,551,782,23301,0,22,0.12,1292,713,197,0
liam-hq/liam,3773,2,18,31,3.9302,844,64,24080,0,23,46.25,1764,499,133,0
liam-hq/liam,3805,2,7,13,2.7461,302,107,257,0,7,46.52,36,90,24,0
liam-hq/liam,3828,1,1,2,0.684,19,3,108,1,9,64.35,34,90,24,0
liam-hq/liam,3822,1,11,35,4.0505,9,1767,2619,0,14,63.44,352,90,25,0
liam-hq/liam,3809,2,19,20,0.6362,1115,1111,24162,0,25,6.58,2995,536,184,0
liam-hq/liam,3823,2,6,8,1.9849,93,57,23615,1,23,51.63,1562,709,193,0
liam-hq/liam,3796,1,3,3,1.2632,27,13,351,0,11,2.35,101,90,24,0
liam-hq/liam,3803,2,9,17,3.5792,11,414,25450,0,23,56.53,1639,709,193,0
liam-hq/liam,3820,1,1,1,0.0,1,1,1,0,2,37.07,7,709,193,0
liam-hq/liam,3812,2,2,2,0.65,6,6,23330,1,22,0.03,1403,704,188,0
liam-hq/liam,3813,2,3,3,0.2492,43,74,23442,1,22,1.04,1728,704,188,0
liam-hq/liam,3819,1,1,2,0.5917,7,7,23360,0,22,4.36,1433,468,110,0
liam-hq/liam,3807,1,1,2,1.0,2,2,275,0,8,9.03,83,704,188,0
liam-hq/liam,3816,2,3,3,0.8167,12,12,23405,1,22,2.92,1447,704,188,0
liam-hq/liam,3817,2,3,3,0.7167,21,8,23433,0,25,1.59,1617,704,188,0
liam-hq/liam,3800,1,4,6,1.9385,47,311,5151,0,10,30.93,71,90,25,0
liam-hq/liam,3815,2,2,2,0.65,6,6,23373,0,25,0.41,1540,531,186,0
liam-hq/liam,3811,2,2,2,0.1738,79,79,23334,0,23,3.46,1421,528,183,0
liam-hq/liam,3810,2,5,5,0.5238,90,90,23543,0,25,2.03,1966,528,183,0
liam-hq/liam,3808,2,2,2,0.0666,122,131,23382,0,25,1.03,1535,526,182,0
liam-hq/liam,3804,1,13,21,3.3707,13,471,2725,0,14,20.91,396,90,25,0
liam-hq/liam,3802,1,1,1,0.0,1,1,171,0,1,72.33,7,90,25,0
liam-hq/liam,3801,1,1,1,0.0,4,0,210,1,5,0.13,17,90,25,0
liam-hq/liam,3559,2,3,3,0.3731,35,35,23374,1,22,7.35,1319,90,25,0
liam-hq/liam,3787,1,1,3,1.1343,261,51,313,0,2,31.23,28,700,184,0
liam-hq/liam,3794,1,1,1,0.0,1,1,161,1,6,21.85,12,11,2,0
liam-hq/liam,3795,3,30,48,2.9644,381,733,29266,0,25,15.85,2442,11,2,0
liam-hq/liam,3791,1,1,1,0.0,65,23,177,0,4,28.7,11,700,184,0
liam-hq/liam,3792,1,6,11,2.581,487,15,431,0,7,16.28,51,90,25,0
liam-hq/liam,3748,2,3,6,2.402,18,13,1495,0,22,5.99,599,90,25,0
liam-hq/liam,3793,1,3,4,1.7213,147,50,726,1,10,6.84,97,90,25,0
liam-hq/liam,3783,1,19,19,4.1097,1256,5,86,0,10,1.51,34,700,184,0
liam-hq/liam,3799,1,1,1,0.0,1,0,172,0,3,21.63,4,700,184,0
liam-hq/liam,3780,1,2,7,2.2788,185,13,186,0,10,17.31,43,697,184,0
liam-hq/liam,3781,1,8,8,2.7613,328,0,0,0,0,0.0,0,90,25,0
liam-hq/liam,3777,1,4,7,2.4846,63,9,1145,0,13,24.42,214,696,189,0
liam-hq/liam,3775,2,3,3,0.3332,44,37,23460,0,25,2.57,1603,696,194,0
liam-hq/liam,3769,2,2,2,0.65,6,6,23396,1,22,0.65,1580,695,193,0
liam-hq/liam,3757,2,2,2,1.0,11,1,60,1,7,16.94,16,695,194,0
liam-hq/liam,3751,2,10,14,1.7793,580,71,24660,0,23,28.7,1343,11,2,0
liam-hq/liam,3776,1,1,1,0.0,78,0,0,0,0,0.0,0,90,30,0
liam-hq/liam,3756,1,1,1,0.0,2,2,64,1,1,4.87,3,90,30,0
liam-hq/liam,3744,1,12,18,3.5562,321,271,2397,0,16,14.66,447,90,30,0
liam-hq/liam,3774,1,1,1,0.0,1,1,29,0,6,2.95,27,463,113,0
liam-hq/liam,3752,1,3,6,1.8728,115,60,331,1,8,67.36,33,463,120,0
liam-hq/liam,3771,1,1,2,1.0,2,2,197,0,10,37.89,59,463,120,0
liam-hq/liam,3770,2,3,3,0.1698,94,94,23383,1,22,3.35,1348,463,120,0
liam-hq/liam,3767,2,2,2,0.469,10,10,23381,1,25,1.42,1437,463,120,0
liam-hq/liam,3766,2,2,2,0.469,10,10,23358,1,23,5.0,1404,463,120,0
liam-hq/liam,3754,1,1,2,1.0,2,2,275,0,8,10.21,81,463,120,0
liam-hq/liam,3765,2,3,3,0.8659,11,11,23424,1,22,4.27,1575,463,120,0
liam-hq/liam,3768,2,3,3,0.4895,42,11,23386,1,22,4.03,1416,463,120,0
liam-hq/liam,3735,1,7,9,3.0053,56,58,1142,0,11,37.17,80,463,120,0
liam-hq/liam,3737,2,3,5,1.0251,256,20,23625,0,22,4.3,1316,463,120,0
liam-hq/liam,3755,1,2,5,2.0263,659,131,260,0,3,5.86,13,90,30,0
liam-hq/liam,3747,1,2,2,0.9782,35,40,566,1,11,4.4,108,11,2,0
liam-hq/liam,3734,1,1,2,0.915,68,35,147,0,4,7.08,16,90,30,0
liam-hq/liam,3738,1,1,1,0.0,1,0,57,1,3,10.79,9,11,2,0
liam-hq/liam,3749,1,1,1,0.0,4,0,116,0,8,6.17,26,11,2,0
liam-hq/liam,3731,1,1,1,0.0,58,55,137,0,4,4.61,27,90,30,0
liam-hq/liam,3724,1,1,1,0.0,1,4,52,0,2,95.79,3,90,30,0
liam-hq/liam,3764,2,5,5,0.5193,91,91,23534,0,25,3.65,1930,518,188,0
liam-hq/liam,3762,1,1,2,0.1461,48,48,23337,0,22,0.08,1400,516,186,0
liam-hq/liam,3763,2,2,2,0.0672,125,125,23363,0,25,0.16,1509,516,186,0
liam-hq/liam,3760,1,1,2,0.1511,46,46,23337,0,22,0.01,1395,514,184,0
liam-hq/liam,3761,2,2,2,0.0591,262,34,23135,0,25,0.48,1504,514,184,0
liam-hq/liam,3759,1,1,2,0.3912,13,13,23109,0,22,3.34,1390,514,184,0
liam-hq/liam,3758,2,2,2,0.65,6,6,23075,0,22,3.99,1259,514,184,0
liam-hq/liam,3746,1,1,2,0.422,382,3,378,1,1,1.25,1,11,2,0
liam-hq/liam,3745,3,7,10,2.3887,222,67,845,0,15,19.52,173,695,216,0
liam-hq/liam,3742,1,3,4,1.7741,55,2,186,0,6,25.16,21,694,215,0
liam-hq/liam,3741,1,1,2,0.9953,37,0,0,0,0,0.0,0,90,30,0
liam-hq/liam,3743,2,3,5,2.1011,18,9,1196,0,19,2.0,382,90,30,0
liam-hq/liam,3736,1,3,7,2.243,114,41,200,0,18,37.76,129,90,30,0
liam-hq/liam,3732,1,6,11,2.6433,455,13,460,0,3,25.58,48,90,30,0
liam-hq/liam,3496,1,7,15,2.8603,314,38,1049,0,7,10.8,195,90,30,0
liam-hq/liam,3716,2,2,5,2.0513,138,9,617,1,3,47.09,14,690,211,0
liam-hq/liam,3739,2,7,17,2.4959,155,67,23339,0,23,28.68,1291,90,30,0
liam-hq/liam,3730,1,15,24,2.7129,9,127,2714,0,9,9.7,331,684,205,0
liam-hq/liam,3729,1,2,3,1.3567,11,10,81,0,6,50.93,32,11,2,0
liam-hq/liam,3715,2,5,11,2.5776,504,37,23520,0,22,9.24,1308,11,2,0
liam-hq/liam,3727,1,3,4,1.7364,63,19,217,1,4,21.16,37,683,204,0
liam-hq/liam,3717,1,1,1,0.0,0,71,71,0,6,6.01,20,683,204,0
liam-hq/liam,3721,1,1,1,0.0,9,6,65,1,5,1.41,21,463,121,0
liam-hq/liam,3723,1,17,31,4.0011,487,1521,3054,0,11,18.77,217,89,29,0
liam-hq/liam,3722,1,20,20,3.3833,3,535,1950,0,10,98.16,68,88,28,0
liam-hq/liam,3672,1,3,5,2.2049,213,34,516,0,11,0.76,96,678,210,0
liam-hq/liam,3718,1,1,1,0.0,8,2,26,0,1,36.69,1,678,210,0
liam-hq/liam,3719,1,2,3,0.9889,108,26,342,0,6,3.61,58,678,210,0
liam-hq/liam,3673,1,1,3,1.585,3,3,346,0,8,9.15,98,88,28,0
liam-hq/liam,3653,2,4,8,2.7332,29,16,1800,0,22,5.76,619,88,28,0
liam-hq/liam,3710,1,3,4,1.3281,52,2,777,0,11,11.77,142,678,210,0
liam-hq/liam,3701,1,1,1,0.0,500,773,23322,0,22,1.91,1227,88,28,0
liam-hq/liam,3713,3,5,6,2.2359,7,7,836,0,11,20.31,72,88,28,0
liam-hq/liam,3671,1,23,24,4.3607,1792,7,144,0,3,221.69,7,88,28,0
liam-hq/liam,3686,3,4,5,1.9163,26,27,24401,0,23,51.79,1306,11,2,0
liam-hq/liam,3714,1,1,1,0.0,3,2,64,0,4,29.76,19,88,28,0
liam-hq/liam,3702,1,6,12,3.1648,67,10,194,0,9,66.2,36,677,211,0
liam-hq/liam,3707,1,2,3,1.0958,9,2,104,0,2,38.91,10,677,211,0
liam-hq/liam,3712,1,1,1,0.0,9,1,108,0,6,15.67,24,11,2,0
liam-hq/liam,3708,2,6,8,1.7968,194,2,239,0,10,61.4,33,10,1,0
liam-hq/liam,3695,1,3,6,2.109,209,17,178,0,3,44.73,34,10,1,0
liam-hq/liam,3704,1,1,1,0.0,1,1,42,1,3,0.74,13,87,27,0
liam-hq/liam,3699,1,3,11,3.4466,25,11,3568,1,3,47.57,16,676,222,0
liam-hq/liam,3698,1,18,26,1.8454,368,1063,3589,0,10,5.1,294,676,222,0
liam-hq/liam,3691,1,4,8,2.5755,298,71,446,0,10,58.48,39,87,27,0
liam-hq/liam,3696,1,2,2,1.0,2,0,91,1,1,147.19,2,676,224,0
liam-hq/liam,3697,2,2,2,0.4306,67,1,63,0,7,32.26,24,87,27,0
liam-hq/liam,3687,1,1,1,0.0,88,165,18819,0,9,7.36,163,87,27,0
liam-hq/liam,3694,1,1,1,0.0,3,27,60,0,2,2.95,5,10,1,0
liam-hq/liam,3692,1,2,3,1.3462,29,24,376,0,11,47.53,41,87,27,0
liam-hq/liam,3693,1,1,1,0.0,0,2,72,0,1,6.14,1,457,160,0
liam-hq/liam,3666,1,23,47,4.4381,1154,876,4162,0,10,15.62,376,673,232,0
liam-hq/liam,3688,1,1,1,0.0,0,6,147,0,7,93.79,13,673,232,0
liam-hq/liam,3685,2,2,2,0.0591,260,32,23181,0,25,1.01,1491,673,232,0
liam-hq/liam,3679,2,2,2,0.5226,7,10,23160,1,22,0.01,1344,673,232,0
liam-hq/liam,3684,2,3,3,0.4895,40,9,23169,1,22,1.21,1387,673,232,0
liam-hq/liam,3680,2,3,3,0.3364,40,40,23211,1,22,1.17,1659,673,232,0
liam-hq/liam,3690,1,1,1,0.0,1,1,119,0,4,17.26,18,454,157,0
liam-hq/liam,3689,1,1,1,0.0,3,1,59,1,3,5.06,9,454,157,0
liam-hq/liam,3683,2,2,2,0.469,10,10,23137,1,25,1.6,1401,673,236,0
liam-hq/liam,3674,1,1,2,0.0523,169,169,23127,0,22,1.6,1373,673,236,0
liam-hq/liam,3681,2,4,4,0.2749,88,83,23236,0,22,0.33,1677,501,187,0
liam-hq/liam,3678,2,5,5,0.5283,89,89,23320,0,25,1.03,1893,499,186,0
liam-hq/liam,3677,2,18,19,0.7239,365,365,23929,0,25,3.57,2807,498,185,0
liam-hq/liam,3676,1,1,2,0.1511,46,46,23122,0,22,2.53,1366,497,184,0
liam-hq/liam,3675,2,2,2,0.65,6,6,23087,0,22,4.11,1216,497,184,0
liam-hq/liam,3670,1,6,10,1.8554,323,57,567,0,8,15.08,101,85,26,0
liam-hq/liam,3667,1,4,17,2.0561,722,2108,6597,0,10,69.46,132,453,159,0
liam-hq/liam,3668,1,1,1,0.0,17,9,44,0,5,30.28,13,85,26,0
liam-hq/liam,3663,1,1,2,0.6052,25,2,341,1,2,2.06,6,666,230,0
liam-hq/liam,3661,1,1,3,1.4807,27,9,393,1,8,9.92,28,666,230,0
liam-hq/liam,3660,1,1,2,0.9737,66,18,89,1,4,30.18,6,666,230,0
liam-hq/liam,3664,1,1,1,0.0,12,1,39,0,4,24.95,5,85,26,0
liam-hq/liam,3658,1,3,3,1.583,5,146,260,1,4,0.06,9,453,163,0
liam-hq/liam,3657,1,3,3,1.583,146,5,119,0,3,27.09,6,85,27,0
liam-hq/liam,3656,1,1,2,0.7865,162,4,938,1,2,3.81,15,666,234,0
liam-hq/liam,3655,1,4,5,1.4938,7,152,6566,0,10,16.9,104,666,234,0
liam-hq/liam,3637,1,4,6,1.3259,315,0,338,0,5,41.1,27,453,163,0
liam-hq/liam,3651,1,1,1,0.0,13,0,13,0,1,12.58,1,85,27,0
liam-hq/liam,3499,2,5,8,2.007,303,26,325,0,6,20.99,36,85,27,0
liam-hq/liam,3628,2,4,9,3.0116,24,18,1781,0,22,4.93,609,85,27,0
liam-hq/liam,3652,1,4,5,2.0678,226,83,7962,0,10,8.07,106,666,234,0
liam-hq/liam,3649,1,1,2,0.5665,60,0,281,1,2,14.62,3,666,234,0
liam-hq/liam,3648,1,1,1,0.0,1,3,83,0,5,22.11,16,85,29,0
liam-hq/liam,3647,1,1,1,0.0,1,4,62,1,2,83.83,6,85,29,0
liam-hq/liam,3646,2,3,3,0.4077,46,46,23206,1,22,1.56,1642,85,29,0
liam-hq/liam,3645,1,1,1,0.0,6,1,128,0,1,5.57,5,85,29,0
liam-hq/liam,3644,1,1,1,0.0,12,0,38,0,2,12.27,2,52,11,0
liam-hq/liam,3610,1,8,10,2.1017,501,70,348,0,7,26.14,72,85,29,0
liam-hq/liam,3638,1,2,2,1.0,14,0,341,1,2,41.78,6,664,237,0
liam-hq/liam,3627,1,3,5,1.4754,177,50,467,0,4,22.27,49,664,237,0
liam-hq/liam,3640,2,3,3,1.4355,9,0,21,1,1,139.46,2,664,237,0
liam-hq/liam,3639,1,1,1,0.0,379,417,23100,0,22,0.11,1207,664,237,0
liam-hq/liam,3614,2,3,5,1.7012,202,46,745,1,2,43.64,9,52,11,0
liam-hq/liam,3607,2,6,9,1.8067,1637,96,23660,0,24,25.95,1252,85,29,0
liam-hq/liam,3642,1,1,1,0.0,2,2,113,1,2,18.82,3,448,169,0
liam-hq/liam,3636,1,1,1,0.0,4,1,76,1,2,4.78,5,41,12,0
liam-hq/liam,3617,1,1,3,1.585,3,3,346,0,8,14.89,95,51,10,0
liam-hq/liam,3621,2,3,3,0.9864,11,11,23207,1,22,0.04,1519,51,10,0
liam-hq/liam,3632,2,20,21,0.4682,816,816,23980,0,25,4.85,2789,492,194,0
liam-hq/liam,3622,2,3,3,0.4895,40,9,23165,1,22,0.01,1356,492,194,0
liam-hq/liam,3619,2,4,4,0.0966,453,147,22931,0,22,2.88,1643,489,191,0
liam-hq/liam,3633,1,1,2,0.9183,1,2,8,0,6,2.68,10,664,237,0
liam-hq/liam,3631,1,1,1,0.0,99,55,18775,0,9,7.15,162,41,12,0
liam-hq/liam,3624,1,1,2,0.1511,46,46,22817,0,22,0.02,1349,41,12,0
liam-hq/liam,3616,1,1,4,2.0,4,4,473,0,12,22.33,115,41,12,0
liam-hq/liam,3618,1,1,2,0.5436,8,8,22817,0,22,2.62,1347,487,190,0
liam-hq/liam,3623,2,2,2,0.0617,268,9,22574,1,25,4.07,1346,41,12,0
liam-hq/liam,3451,1,4,13,2.749,583,5,379,0,5,7.74,29,443,164,0
liam-hq/liam,3630,2,2,3,0.0271,378,843,23027,1,22,9.96,1306,41,12,0
liam-hq/liam,3612,1,17,24,3.4275,23,73,3022,0,10,9.89,297,662,235,0
liam-hq/liam,3626,2,2,2,0.65,6,0,59,1,7,25.87,15,662,235,0
liam-hq/liam,3625,1,2,2,0.9895,212,154,285,0,7,25.87,35,662,235,0
liam-hq/liam,3290,1,10,14,2.3548,457,618,3623,0,7,5.4,87,81,32,0
liam-hq/liam,3156,2,2,2,0.9911,8,1,35,1,1,90.2,1,76,33,0
liam-hq/liam,3157,1,1,2,0.9968,47,28,48,0,3,11.7,3,393,167,0
liam-hq/liam,3090,1,1,1,0.0,10,3,720,1,1,1.06,4,393,167,0
liam-hq/liam,3611,1,4,5,1.0468,2,108,1575,0,8,2.3,63,41,12,0
liam-hq/liam,3603,1,6,6,2.3687,13,4,614,1,8,87.14,32,41,12,0
liam-hq/liam,3589,1,1,1,0.0,0,8,79,0,1,17.15,6,662,235,0
liam-hq/liam,3604,1,1,3,0.6786,175,12,1455,0,2,14.81,15,443,164,0
liam-hq/liam,3602,1,4,5,1.8476,213,55,940,0,4,8.13,29,443,164,0
liam-hq/liam,3591,2,4,6,1.6699,223,22,23211,0,23,1.52,1514,443,164,0
liam-hq/liam,3595,1,1,2,0.0344,4,1106,1515,1,6,3.12,31,85,29,0
liam-hq/liam,3601,2,3,3,1.0656,94,1,22982,0,22,0.83,1300,41,12,0
liam-hq/liam,3596,1,1,1,0.0,1,3,185,1,9,1.02,61,437,158,0
liam-hq/liam,3597,1,3,15,3.1735,387,419,784,0,6,31.02,65,443,164,0
liam-hq/liam,3600,1,1,2,0.2352,52,0,170,0,3,7.04,3,85,29,0
liam-hq/liam,3599,1,1,1,0.0,7,2,156,1,6,6.11,11,85,29,0
liam-hq/liam,3592,1,26,31,4.1972,132,545,7139,0,12,11.62,233,85,29,0
liam-hq/liam,3598,1,11,12,2.6055,144,132,1482,0,12,8.0,278,85,29,0
liam-hq/liam,3594,1,3,4,1.8189,6,33,485,0,3,7.28,22,661,234,0
liam-hq/liam,3583,1,2,2,0.9887,26,6,183,0,4,2.83,20,85,29,0
liam-hq/liam,3557,2,2,2,0.65,8,8,22965,1,22,2.68,1215,41,13,0
liam-hq/liam,3593,2,2,3,1.4605,7,6,831,0,19,0.12,341,41,13,0
liam-hq/liam,3566,2,3,3,0.5795,66,0,84,0,19,0.15,261,41,13,0
liam-hq/liam,3510,2,3,6,2.3722,20,14,1428,0,22,6.93,569,85,29,0
liam-hq/liam,3590,1,1,1,0.0,77,7,49,1,1,15.9,1,436,157,0
liam-hq/liam,3588,1,1,1,0.0,6,6,56,1,1,15.37,1,85,29,0
liam-hq/liam,3584,1,2,3,1.1823,10,46,348,0,6,11.21,58,41,13,0
liam-hq/liam,3571,1,7,9,2.4343,71,20,627,0,7,10.65,67,85,32,0
liam-hq/liam,3581,1,1,1,0.0,0,1,186,0,9,0.03,60,51,11,0
liam-hq/liam,3489,1,1,1,0.0,1194,13,21,0,1,8.08,1,85,32,0
liam-hq/liam,3577,1,1,2,0.9183,2,1,65,0,13,79.21,158,85,32,0
liam-hq/liam,3567,1,15,21,3.5554,161,950,10117,0,12,15.45,455,85,32,0
liam-hq/liam,3579,1,1,1,0.0,4,1,76,0,2,64.17,3,654,234,0
liam-hq/liam,3578,1,1,1,0.0,1,0,85,0,3,14.82,17,654,234,0
liam-hq/liam,3546,2,3,3,0.3651,36,36,23063,1,22,0.77,1604,85,32,0
liam-hq/liam,3550,2,2,2,0.469,10,10,22968,1,23,1.48,1335,85,34,0
liam-hq/liam,3572,1,1,1,0.0,3,2,187,1,9,1.74,56,85,34,0
liam-hq/liam,3544,2,2,2,0.3912,13,13,23002,1,22,1.5,1488,85,34,0
liam-hq/liam,3573,1,1,1,0.0,544,757,23134,0,22,2.0,1180,85,34,0
liam-hq/liam,3575,1,1,3,1.335,321,3,3177,1,4,6.49,24,85,34,0
liam-hq/liam,3574,1,1,1,0.0,13,6,77,0,1,4.59,7,85,34,0
liam-hq/liam,3570,1,3,5,1.971,5,32,2430,0,8,23.89,53,85,34,0
liam-hq/liam,3569,1,1,1,0.0,2,0,101,0,2,10.4,9,85,35,0
liam-hq/liam,3568,2,2,2,0.9341,13,7,109,0,6,3.2,22,433,162,0
liam-hq/liam,3564,1,7,11,2.3194,17,592,1126,0,10,28.46,189,41,13,0
liam-hq/liam,3538,1,1,1,0.0,1,1,135,0,1,2.76,7,41,13,0
liam-hq/liam,3536,1,4,4,0.5066,20,32,1389,0,4,8.74,27,41,13,0
liam-hq/liam,3560,2,2,3,0.993,57,4,107,1,3,19.05,6,85,35,0
liam-hq/liam,3479,2,5,8,2.7233,67,7,610,0,11,51.95,58,85,35,0
liam-hq/liam,3535,1,1,1,0.0,13,0,26,0,2,75.7,2,85,35,0
liam-hq/liam,3537,2,4,4,0.6968,657,98,22784,0,22,3.26,1290,41,13,0
liam-hq/liam,3562,1,1,1,0.0,123,101,18753,0,9,7.01,161,41,13,0
liam-hq/liam,3554,2,4,4,0.2534,103,90,22750,0,22,0.91,1607,41,14,0
liam-hq/liam,3555,1,1,2,0.4537,12,13,22640,0,22,0.46,1322,41,14,0
liam-hq/liam,3553,2,2,2,0.469,12,12,22606,0,22,0.46,1196,41,14,0
liam-hq/liam,3558,2,2,2,0.0619,242,34,22456,0,25,0.91,1429,482,191,0
liam-hq/liam,3541,2,20,22,1.0264,458,459,23625,0,25,6.46,2714,479,188,0
liam-hq/liam,3552,2,3,3,0.6686,16,16,22472,1,22,1.87,1309,476,187,0
liam-hq/liam,3548,2,2,2,0.5436,8,8,22432,1,22,0.19,1268,474,188,0
liam-hq/liam,3549,2,2,2,0.65,6,6,22400,1,22,2.32,1208,474,188,0
liam-hq/liam,3547,2,2,2,0.4395,11,11,22432,1,22,0.22,1266,472,186,0
liam-hq/liam,3545,2,2,2,0.5436,8,8,22432,1,22,2.19,1264,471,185,0
liam-hq/liam,3543,2,2,2,0.1738,77,77,22419,0,23,2.06,1311,469,183,0
liam-hq/liam,3542,2,5,5,0.5193,91,91,22629,0,25,2.86,1810,469,183,0
liam-hq/liam,3540,2,2,2,0.5436,8,8,22416,0,22,1.77,1185,467,181,0
liam-hq/liam,3534,1,1,1,0.0,2,1,8,0,1,71.38,2,51,11,0
liam-hq/liam,3532,1,4,4,1.5321,16,26,689,0,10,0.72,86,51,11,0
liam-hq/liam,3530,1,6,10,2.5712,21,12,1313,1,8,11.28,81,51,11,0
liam-hq/liam,3491,1,1,4,1.446,1659,36,85,0,2,2.57,9,51,11,0
liam-hq/liam,3529,1,6,7,2.2488,41,40,804,0,7,6.81,54,41,14,0
liam-hq/liam,3501,2,7,10,2.1445,412,55,23404,0,22,13.86,1219,51,11,0
liam-hq/liam,3435,1,15,32,3.735,2909,142,1064,0,9,13.04,190,85,35,0
liam-hq/liam,3495,1,5,9,2.1623,279,120,633,0,3,6.22,45,85,35,0
liam-hq/liam,3526,1,1,1,0.0,3,1,149,0,4,2.93,10,51,11,0
liam-hq/liam,3527,1,1,1,0.0,31,0,0,0,0,0.0,0,85,35,0
liam-hq/liam,3498,1,5,9,2.5268,190,2,507,0,10,7.61,155,85,35,0
liam-hq/liam,3528,3,3,3,1.5305,15,12,149,0,6,2.43,26,51,11,0
liam-hq/liam,3523,1,7,13,1.9713,536,65,649,0,8,16.44,59,41,14,0
liam-hq/liam,3522,2,11,18,3.397,197,199,24096,0,24,21.69,1621,85,35,0
liam-hq/liam,3525,1,2,2,0.8631,7,0,392,1,1,0.57,3,85,35,0
liam-hq/liam,3524,1,1,1,0.0,25,2,96,0,4,6.74,17,85,35,0
liam-hq/liam,3517,1,1,2,0.8354,78,1,2323,1,3,9.59,19,41,14,0
liam-hq/liam,3521,1,1,1,0.0,5,15,180,1,2,11.41,2,41,14,0
liam-hq/liam,3518,1,2,2,0.7554,17,6,151,1,1,45.12,4,430,159,0
liam-hq/liam,3490,1,1,3,1.576,418,35,57,0,1,2.04,3,430,159,0
liam-hq/liam,3454,2,6,7,0.7685,536,5,433,0,5,12.71,30,430,159,0
liam-hq/liam,3516,1,1,2,0.3034,35,2,51,0,4,144.58,14,430,159,0
liam-hq/liam,3515,1,12,16,3.1871,102,600,9343,0,12,11.49,332,641,243,0
liam-hq/liam,3514,1,1,1,0.0,13,20,152,0,5,0.13,14,41,14,0
liam-hq/liam,3513,1,3,3,1.371,1,4,577,1,9,19.17,30,641,245,0
liam-hq/liam,3511,1,1,1,0.0,0,5,5,0,1,0.06,1,429,158,0
liam-hq/liam,3506,1,1,2,0.9982,184,14,521,1,3,15.16,5,85,35,0
liam-hq/liam,3509,2,2,5,1.8302,46,35,51,0,2,8.19,9,429,158,0
liam-hq/liam,3508,1,1,1,0.0,1,1,152,0,5,0.12,13,41,14,0
liam-hq/liam,3502,1,11,15,3.0435,46,686,9776,0,12,28.61,293,639,243,0
liam-hq/liam,3505,1,1,1,0.0,36,69,148,0,6,1.06,20,639,243,0
liam-hq/liam,3503,1,2,2,0.6962,15,1,438,0,7,6.52,32,639,243,0
liam-hq/liam,3507,1,1,1,0.0,32,0,0,0,0,0.0,0,85,35,0
liam-hq/liam,3485,1,1,1,0.0,1,0,21,1,4,9.0,19,85,35,0
liam-hq/liam,3493,1,1,1,0.0,39,0,113,0,5,8.87,10,41,14,0
liam-hq/liam,3500,2,3,5,2.1344,16,8,1130,0,20,3.79,356,85,35,0
liam-hq/liam,3494,1,1,1,0.0,2,2,77,0,5,0.75,18,429,168,0
liam-hq/liam,3453,2,4,6,0.7638,962,19,929,1,6,35.74,10,85,35,0
liam-hq/liam,3488,1,1,1,0.0,3,0,146,0,4,12.42,9,85,35,0
liam-hq/liam,3487,1,1,4,1.6474,294,75,99,0,2,4.95,6,41,14,0
liam-hq/liam,3394,1,7,14,2.1221,321,110,1437,0,9,9.2,142,41,14,0
liam-hq/liam,3486,2,2,9,3.038,174,0,144,0,5,26.18,18,85,35,0
liam-hq/liam,3482,1,1,1,0.0,429,697,22640,0,22,0.16,1155,41,14,0
liam-hq/liam,3484,1,1,1,0.0,32,18,110,0,1,24.8,1,638,247,0
liam-hq/liam,3474,2,29,38,1.3102,1141,1300,28595,0,28,19.59,2772,465,188,0
liam-hq/liam,3478,1,2,2,0.0655,129,0,68,0,4,10.61,10,638,247,0
liam-hq/liam,3476,1,1,1,0.0,1,1,60,0,12,2.96,144,51,11,0
liam-hq/liam,3477,2,3,3,0.7732,13,13,22934,1,23,6.2,1597,51,11,0
liam-hq/liam,3455,1,1,1,0.0,12,12,22805,0,22,0.02,1149,84,34,0
liam-hq/liam,3475,1,1,1,0.0,1,1,1,0,2,23.36,6,51,11,0
liam-hq/liam,3473,1,1,2,0.5917,7,7,22865,0,22,7.42,1290,51,11,0
liam-hq/liam,3472,2,2,2,0.65,6,6,22847,0,22,11.75,1168,51,11,0
liam-hq/liam,3471,2,2,2,0.0623,241,33,22681,0,25,1.99,1398,51,11,0
liam-hq/liam,3470,2,3,3,0.145,114,114,22665,1,22,4.33,1216,51,11,0
liam-hq/liam,3469,2,2,2,0.65,6,6,22679,1,22,4.32,1437,51,11,0
liam-hq/liam,3480,1,1,1,0.0,59,59,18753,0,9,8.02,160,41,14,0
liam-hq/liam,3467,2,2,2,0.5226,3,14,22637,1,22,0.04,1233,456,187,0
liam-hq/liam,3468,2,3,3,0.4895,40,9,22666,1,22,2.3,1269,456,187,0
liam-hq/liam,3466,2,2,2,0.4022,18,7,22626,1,22,2.64,1231,453,184,0
liam-hq/liam,3463,1,6,10,1.9931,238,39,554,0,5,2.33,67,428,169,0
liam-hq/liam,3458,1,4,6,1.9931,212,31,334,0,5,1.11,52,428,169,0
liam-hq/liam,3456,1,2,5,1.9989,27,9,492,1,6,2.89,35,84,34,0
liam-hq/liam,3457,1,1,1,0.0,2,0,94,0,4,5.99,16,427,168,0
liam-hq/liam,3416,1,8,11,1.7688,291,8,383,0,5,1.57,46,51,11,0
liam-hq/liam,3448,2,3,5,2.1719,14,7,1403,0,22,1.81,555,84,34,0
liam-hq/liam,3441,1,5,6,2.3219,0,10,734,0,4,0.62,42,637,252,0
liam-hq/liam,3449,1,6,7,2.2201,16,3,739,0,4,2.35,39,637,252,0
liam-hq/liam,3437,1,2,3,1.1393,23,5,7,0,2,164.28,2,41,15,0
liam-hq/liam,3440,1,9,12,2.9034,279,86,1122,0,4,1.96,48,84,34,0
liam-hq/liam,3432,2,2,2,0.5108,42,2,47,0,3,61.48,28,84,34,0
liam-hq/liam,3439,1,1,1,0.0,32,0,111,0,2,2.03,9,637,252,0
liam-hq/liam,3442,1,6,12,3.1156,191,66,750,0,8,3.66,103,637,252,0
liam-hq/liam,3436,1,2,2,0.9812,90,3,335,0,5,0.93,23,51,11,0
liam-hq/liam,3425,1,4,8,1.6628,182,1,264,0,2,2.43,21,83,33,0
liam-hq/liam,3434,1,1,1,0.0,2,24,62,0,2,0.83,7,637,252,0
liam-hq/liam,3426,1,6,8,1.424,9,170,609,0,9,0.65,85,637,252,0
liam-hq/liam,3428,1,1,2,0.4653,0,172,392,0,4,72.18,10,51,11,0
liam-hq/liam,3408,1,21,32,3.5227,305,462,2577,0,9,5.45,172,83,33,0
liam-hq/liam,3427,2,3,3,0.4532,40,40,22708,1,22,1.59,1526,51,11,0
liam-hq/liam,3424,1,2,3,1.1483,11,30,591,0,2,1.55,15,83,33,0
liam-hq/liam,3422,1,5,6,2.0813,0,22,884,0,5,2.55,43,41,15,0
liam-hq/liam,3417,1,7,13,2.1372,167,60,507,0,9,2.67,87,83,33,0
liam-hq/liam,3412,2,3,5,2.1011,18,9,1389,0,22,3.2,551,83,33,0
liam-hq/liam,3413,1,4,4,1.8911,1,8,146,0,10,2.66,41,83,33,0
liam-hq/liam,3415,2,2,2,0.0568,264,42,22428,0,25,2.36,1385,452,187,0
liam-hq/liam,3411,1,2,2,0.7496,10,4,140,1,7,18.94,17,83,33,0
liam-hq/liam,3340,2,4,9,2.0013,313,4,241,0,4,8.07,16,425,169,0
liam-hq/liam,3391,1,2,5,0.9403,511,5,182,0,4,5.83,29,83,33,0
liam-hq/liam,3409,1,4,7,1.4849,230,15,266,0,4,1.52,26,83,33,0
liam-hq/liam,3268,2,3,4,1.7583,26,24,260,0,4,9.92,39,283,180,0
liam-hq/liam,3334,1,1,1,0.0,43,31,125,0,1,5.16,5,41,15,0
liam-hq/liam,3329,1,1,2,0.1168,97,30,289,0,2,71.52,6,83,33,0
liam-hq/liam,3328,1,1,1,0.0,1,1,414,1,4,5.07,17,83,33,0
liam-hq/liam,3407,1,1,1,0.0,1,1,74,1,4,1.11,6,422,166,0
liam-hq/liam,3406,1,2,3,1.463,4,193,205,0,3,6.55,24,422,166,0
liam-hq/liam,3405,1,2,2,0.7219,24,71,334,0,2,2.68,9,83,33,0
liam-hq/liam,3400,1,7,8,2.7837,174,214,549,0,3,5.51,59,83,33,0
liam-hq/liam,3402,2,8,14,2.9778,64,791,23769,0,24,11.65,1332,636,252,0
liam-hq/liam,3399,1,1,2,0.9928,8,12,311,0,1,5.48,8,636,252,0
liam-hq/liam,3374,1,13,13,1.9223,114,80,1913,1,9,18.0,112,83,33,0
liam-hq/liam,3401,1,1,2,0.9183,71,13,126,0,2,0.96,14,83,33,0
liam-hq/liam,3403,2,3,3,0.4368,42,42,22490,0,22,1.77,1516,83,33,0
liam-hq/liam,3396,1,2,2,0.0,131,8,190,1,1,0.88,6,83,33,0
liam-hq/liam,3398,1,1,1,0.0,2,1,82,0,4,0.03,14,83,33,0
liam-hq/liam,3397,1,1,1,0.0,2,1,81,0,4,15.08,13,83,33,0
liam-hq/liam,3359,1,5,8,1.7467,462,11,524,0,7,9.16,77,51,11,0
liam-hq/liam,3349,1,6,11,2.4307,593,897,1294,0,5,1.69,70,635,253,0
liam-hq/liam,3395,1,4,4,1.9986,41,78,196,0,2,0.91,10,83,33,0
liam-hq/liam,3388,1,1,1,0.0,19,0,104,0,1,0.84,3,83,33,0
liam-hq/liam,3393,1,1,1,0.0,26,7,54,1,1,4.2,3,41,15,0
liam-hq/liam,3385,1,11,14,3.7194,63,39,1831,0,8,2.72,114,41,15,0
liam-hq/liam,3392,1,1,1,0.0,2,1,426,0,7,11.06,17,41,15,0
liam-hq/liam,3386,1,44,58,4.7222,204,218,1847,0,11,8.02,178,83,33,0
liam-hq/liam,3390,1,1,1,0.0,11,13,128,1,2,0.14,13,41,15,0
liam-hq/liam,3384,2,2,2,0.0,0,2,66,0,9,19.17,42,635,262,0
liam-hq/liam,3387,1,1,1,0.0,3,0,42,1,5,14.11,7,635,262,0
liam-hq/liam,3382,1,1,1,0.0,5,3,69,0,5,0.15,17,83,33,0
liam-hq/liam,3350,1,5,5,2.1717,35,30,251,0,4,6.77,23,83,33,0
liam-hq/liam,3383,1,13,18,3.0135,171,69,965,1,9,17.31,101,83,33,0
liam-hq/liam,3341,1,25,53,4.5499,124,125,3433,0,12,8.86,440,83,33,0
liam-hq/liam,3335,1,2,5,1.2872,172,0,204,0,1,5.98,2,83,33,0
liam-hq/liam,3357,1,1,1,0.0,0,3,612,0,4,4.76,7,41,15,0
liam-hq/liam,3369,2,3,3,0.7943,19,6,22480,0,25,1.15,1447,632,259,0
liam-hq/liam,3362,2,2,2,0.469,10,10,22404,1,25,1.41,1297,632,259,0
liam-hq/liam,3371,2,2,2,0.65,6,6,22410,1,25,1.41,1270,41,15,0
liam-hq/liam,3358,1,5,5,1.6474,2,428,642,0,12,23.8,98,41,15,0
liam-hq/liam,3378,1,1,1,0.0,740,999,22593,0,22,0.04,1122,41,15,0
liam-hq/liam,3379,1,1,3,1.5,4,4,343,0,7,0.03,90,51,11,0
liam-hq/liam,3370,2,2,2,0.5033,9,9,22618,0,22,1.9,1122,51,11,0
liam-hq/liam,3367,1,1,13,3.5778,16,16,1044,0,13,23.09,259,41,15,0
liam-hq/liam,3368,1,1,2,1.0,2,2,315,0,5,4.03,49,41,15,0
liam-hq/liam,3365,2,3,3,0.9864,9,9,22738,1,25,1.54,1457,41,15,0
liam-hq/liam,3364,2,2,2,0.65,6,6,22675,1,22,4.49,1411,51,11,0
liam-hq/liam,3360,1,1,3,1.585,3,3,343,0,7,5.79,79,83,33,0
liam-hq/liam,3375,1,1,1,0.0,66,77,18764,0,9,6.95,159,83,33,0
liam-hq/liam,3373,1,9,9,3.059,11,10,428,1,8,14.48,93,83,33,0
liam-hq/liam,3366,1,1,1,0.0,1,0,0,0,0,0.0,0,83,33,0
liam-hq/liam,3363,2,3,3,0.4895,40,9,22663,1,22,1.78,1235,444,185,0
liam-hq/liam,3243,1,2,5,1.4767,125,2,100,0,3,10.11,28,280,177,0
liam-hq/liam,3361,2,2,2,0.5033,9,9,22590,1,22,3.47,1153,440,181,0
liam-hq/liam,3356,1,1,1,0.0,0,1,89,0,9,0.02,39,41,15,0
liam-hq/liam,3325,1,15,26,4.055,656,483,4195,0,5,3.57,96,83,33,0
liam-hq/liam,3355,2,4,7,2.5939,18,8,1151,0,19,0.06,349,41,15,0
liam-hq/liam,3354,3,3,3,1.0226,19,3,122,0,9,4.07,43,41,15,0
liam-hq/liam,3353,1,3,3,1.585,12,0,196,1,19,0.08,329,41,15,0
liam-hq/liam,3352,1,1,1,0.0,7,0,81,0,9,1.22,36,41,15,0
liam-hq/liam,3344,1,1,1,0.0,97,0,0,0,0,0.0,0,420,174,0
liam-hq/liam,3343,2,5,9,2.9761,29,11,1890,0,23,3.75,722,83,33,0
liam-hq/liam,3348,1,4,4,1.7322,2,15,132,0,9,1.15,32,83,33,0
liam-hq/liam,3347,1,1,1,0.0,17,1,94,0,3,71.84,5,41,15,0
liam-hq/liam,3346,1,2,3,1.4466,10,7,317,0,2,26.61,9,420,174,0
liam-hq/liam,3345,1,1,1,0.0,2,1,26,0,7,22.11,20,41,15,0
liam-hq/liam,3314,2,4,7,2.7439,39,2,178,0,19,5.14,322,41,15,0
liam-hq/liam,3332,1,1,1,0.0,8,0,11,0,1,6.72,1,632,263,0
liam-hq/liam,3337,1,2,2,0.9183,4,5,87,1,7,20.41,13,82,32,0
liam-hq/liam,3338,1,2,2,1.0,4,2,244,1,4,18.78,16,82,32,0
liam-hq/liam,3336,1,3,3,1.5,4,4,35,0,1,12.9,2,82,32,0
liam-hq/liam,3237,2,8,24,3.8172,1100,195,1757,0,7,29.63,76,419,173,0
liam-hq/liam,3333,1,1,1,0.0,1,1,145,0,7,0.18,34,51,11,0
liam-hq/liam,3330,1,1,1,0.0,1,1,145,0,7,12.24,33,41,15,0
liam-hq/liam,3326,2,5,13,2.4667,156,1,22513,0,22,1.19,1112,41,15,0
liam-hq/liam,3311,1,16,19,3.3112,216,134,2591,1,6,35.71,60,82,33,0
liam-hq/liam,3324,1,1,1,0.0,25,0,97,0,2,62.89,3,417,173,0
liam-hq/liam,3318,1,1,1,0.0,5,1,77,0,9,4.0,35,51,11,0
liam-hq/liam,3301,1,1,1,0.0,150,0,0,0,0,0.0,0,51,11,0
liam-hq/liam,3298,1,5,6,2.1797,54,20,1062,0,4,2.36,37,51,11,0
liam-hq/liam,3315,1,1,3,1.3788,1,6,231,0,12,39.34,66,41,15,0
liam-hq/liam,3277,1,1,1,0.0,119,0,0,0,0,0.0,0,82,33,0
liam-hq/liam,3309,1,4,4,1.5511,10,2,200,1,6,86.17,23,82,33,0
liam-hq/liam,3296,1,1,1,0.0,1,12,42,1,1,37.85,2,82,33,0
liam-hq/liam,3305,1,2,4,1.008,3,103,581,0,9,14.37,100,82,33,0
liam-hq/liam,3304,1,2,2,0.0578,0,150,296,0,5,1.04,69,81,32,0
liam-hq/liam,3289,1,12,15,3.0337,33,26,2528,0,10,4.07,207,632,263,0
liam-hq/liam,3295,1,4,6,1.5245,4,508,1280,0,6,5.05,48,632,263,0
liam-hq/liam,3288,1,79,100,7.4704,524,502,5695,0,18,48.24,601,632,263,0
liam-hq/liam,3287,1,1,2,0.9748,23,36,288,0,7,2.3,62,51,11,0
liam-hq/liam,3285,1,1,1,0.0,1,5,178,0,7,6.14,26,41,15,0
liam-hq/liam,3286,1,13,19,3.965,29,3,7898,0,10,13.59,171,81,32,0
liam-hq/liam,3282,1,13,19,3.965,41,4,6459,0,8,16.95,105,81,32,0
liam-hq/liam,3283,1,3,5,2.154,34,3,458,0,6,5.15,55,81,32,0
liam-hq/liam,3284,1,1,1,0.0,1,1,2,0,3,32.8,4,41,15,0
liam-hq/liam,3281,1,1,1,0.0,27,0,0,0,0,0.0,0,413,177,0
liam-hq/liam,3276,1,4,5,1.9875,27,9,249,0,4,3.83,28,413,177,0
liam-hq/liam,3275,1,7,7,2.585,6,6,286,0,5,5.57,48,413,177,0
liam-hq/liam,3270,1,5,10,2.3631,463,27,3398,0,4,8.88,51,51,11,0
liam-hq/liam,3271,1,1,1,0.0,44,0,0,0,0,0.0,0,80,31,0
liam-hq/liam,3238,1,5,8,2.3696,260,2,78,0,8,23.46,90,51,11,0
liam-hq/liam,3263,2,3,5,2.1719,14,7,1350,0,22,3.68,534,80,31,0
liam-hq/liam,3269,1,3,5,1.9789,29,32,134,0,4,216.31,9,41,15,0
liam-hq/liam,3267,1,9,9,2.2437,36,48,1083,1,7,3.37,102,41,15,0
liam-hq/liam,3265,1,1,1,0.0,26,9,57,0,3,75.66,3,51,11,0
liam-hq/liam,3266,1,10,17,2.2015,568,503,1323,1,16,4.1,124,41,15,0
liam-hq/liam,3233,1,1,2,0.6694,137,0,465,0,2,12.96,8,41,15,0
liam-hq/liam,3260,1,1,1,0.0,233,270,22550,0,22,0.1,1108,41,15,0
liam-hq/liam,3256,2,2,2,0.4138,12,12,22610,1,25,0.16,1273,625,256,0
liam-hq/liam,3199,2,3,4,1.3122,42,29,104,1,3,9.14,9,625,256,0
liam-hq/liam,3259,2,3,4,0.4976,203,108,22641,1,25,2.17,1553,625,256,0
liam-hq/liam,3262,2,2,2,0.0,1233,1717,19322,0,13,35.09,176,51,11,0
liam-hq/liam,3261,1,1,1,0.0,4,0,66,1,6,0.92,17,41,15,0
liam-hq/liam,3248,2,3,3,1.0057,17,12,22688,0,22,3.55,1150,438,187,0
liam-hq/liam,3250,1,1,2,0.0518,171,171,22515,0,22,0.29,1243,41,15,0
liam-hq/liam,3254,2,2,2,0.3912,13,13,22537,1,22,0.26,1394,41,15,0
liam-hq/liam,3257,2,4,4,0.2523,95,95,22580,1,22,2.44,1249,41,15,0
liam-hq/liam,3245,1,1,4,2.0,4,4,463,0,11,5.1,93,406,173,0
liam-hq/liam,3244,1,1,1,0.0,1,1,29,0,3,8.95,4,406,173,0
liam-hq/liam,3242,1,1,3,1.585,3,3,356,0,7,8.29,70,406,173,0
liam-hq/liam,3241,2,3,3,0.1826,78,94,22600,1,23,0.38,1536,406,173,0
liam-hq/liam,3255,2,2,2,0.65,6,6,22499,1,22,4.35,1134,433,183,0
liam-hq/liam,3251,1,1,2,0.1511,46,46,22531,0,22,0.1,1235,430,180,0
liam-hq/liam,3252,2,4,4,0.2901,80,80,22635,0,22,3.27,1484,428,178,0
liam-hq/liam,3253,2,2,2,0.1654,88,80,22510,0,23,4.23,1239,428,178,0
liam-hq/liam,3249,1,1,2,0.4395,11,11,22523,0,22,0.12,1230,426,176,0
liam-hq/liam,3247,1,1,2,0.4395,12,10,22521,0,22,2.55,1228,425,175,0
liam-hq/liam,3235,1,2,2,0.9183,1,44,105,0,3,28.63,5,625,257,0
liam-hq/liam,3234,1,1,2,0.9457,22,0,118,0,2,0.52,3,403,170,0
liam-hq/liam,3231,1,1,1,0.0,1,1,77,0,9,3.18,33,80,33,0
liam-hq/liam,3215,1,1,1,0.0,12,8,97,0,2,13.93,9,401,168,0
liam-hq/liam,3232,1,1,1,0.0,1,0,18,0,6,57.02,20,460,250,0
liam-hq/liam,3230,3,3,11,2.9217,0,1116,1115,0,9,101.36,91,51,11,0
liam-hq/liam,3227,1,1,1,0.0,30,0,0,0,0,0.0,0,398,165,0
liam-hq/liam,3226,1,1,1,0.0,1,1,58,1,1,0.65,1,51,11,0
liam-hq/liam,3219,1,5,5,2.183,26,20,528,0,4,1.6,39,51,11,0
liam-hq/liam,3225,1,1,1,0.0,1,1,60,1,12,5.49,136,51,11,0
liam-hq/liam,3221,1,4,8,2.3474,225,42,1690,0,10,4.38,125,80,33,0
liam-hq/liam,3210,1,13,22,3.7913,409,671,2082,0,11,1.51,156,80,33,0
liam-hq/liam,3216,1,8,10,2.7928,160,16,961,1,9,1.07,127,80,33,0
liam-hq/liam,3208,1,1,1,0.0,1,43,87,0,2,1.33,6,80,33,0
liam-hq/liam,3213,2,6,7,2.5209,53,50,22809,0,22,1.13,1111,623,255,0
liam-hq/liam,3211,3,5,6,0.6495,120,41,23276,0,22,2.04,1205,622,254,0
liam-hq/liam,3191,1,2,4,1.4094,108,1,2297,0,4,6.79,38,80,33,0
liam-hq/liam,3212,1,2,3,0.8697,16,25,138,1,4,1.0,12,80,33,0
liam-hq/liam,3184,1,30,32,4.0121,199,365,2084,1,14,49.35,245,80,33,0
liam-hq/liam,3201,2,13,16,3.4167,182,76,23331,0,23,5.68,1218,80,33,0
liam-hq/liam,3207,1,3,3,1.585,6,6,208,0,21,0.17,594,619,251,0
liam-hq/liam,3103,1,13,25,4.0795,265,255,700,0,11,36.16,123,80,33,0
liam-hq/liam,3209,1,10,10,3.1952,34,8,1018,0,12,0.72,130,80,33,0
liam-hq/liam,3196,1,11,17,3.4972,340,535,1304,0,6,5.02,75,80,33,0
liam-hq/liam,3185,1,33,42,4.4948,136,19,19009,0,16,12.57,397,80,33,0
liam-hq/liam,3205,1,1,1,0.0,5,0,22,0,1,7.03,1,80,33,0
liam-hq/liam,3030,2,35,92,5.4381,1413,4402,27854,0,26,21.94,1766,615,247,0
liam-hq/liam,3204,1,2,4,1.501,64,9,169,1,8,22.91,24,80,33,0
liam-hq/liam,3190,2,3,6,1.7152,461,38,514,0,4,1.45,17,80,33,0
liam-hq/liam,3202,1,9,14,2.5732,336,366,1761,0,15,29.2,82,460,250,0
liam-hq/liam,3203,1,2,2,nan,54,4,0,0,0,0.0,0,0,0,0
liam-hq/liam,3200,2,4,7,2.6187,17,8,1550,0,23,1.87,688,51,11,0
liam-hq/liam,3195,2,2,2,0.9544,7,1,122,1,7,6.0,21,80,33,0
liam-hq/liam,3197,1,1,1,0.0,5,1,174,0,7,6.87,25,80,33,0
liam-hq/liam,3189,1,2,4,1.3663,28,29,505,0,8,2.06,23,80,33,0
liam-hq/liam,3198,1,8,8,nan,39,34,0,0,0,0.0,0,0,0,0
liam-hq/liam,3193,1,3,3,1.5841,16,24,81,0,2,5.79,6,577,209,0
liam-hq/liam,3192,3,6,16,1.021,33,48,22862,0,22,2.5,1109,577,209,0
liam-hq/liam,3124,1,7,17,3.3336,757,3,635,0,5,22.91,19,41,15,0
liam-hq/liam,3188,1,4,5,1.7096,51,33,1000,0,17,4.62,102,456,246,0
liam-hq/liam,3150,1,1,1,0.0,1,2,82,1,4,6.95,12,41,15,0
liam-hq/liam,3186,1,5,6,2.1258,2,10,830,1,11,17.34,48,41,15,0
liam-hq/liam,3182,1,3,3,nan,55,15,0,0,0,0.0,0,0,0,0
liam-hq/liam,3165,1,7,12,2.8612,134,198,711,0,7,1.66,116,577,210,0
liam-hq/liam,3183,1,2,3,nan,11,13,0,0,0,0.0,0,0,0,0
liam-hq/liam,3180,1,1,3,0.8453,75,0,71,0,3,15.1,7,577,211,0
liam-hq/liam,3181,2,11,18,nan,45,127,0,0,0,0.0,0,0,0,0
liam-hq/liam,3178,1,4,6,nan,107,130,0,0,0,0.0,0,0,0,0
liam-hq/liam,3179,1,2,2,nan,17,13,0,1,0,0.0,0,0,0,0
liam-hq/liam,3159,2,26,76,nan,744,4209,0,0,0,0.0,0,0,0,0
liam-hq/liam,3177,2,2,3,1.2407,8,3,22530,1,22,2.7,1398,79,34,0
liam-hq/liam,3175,1,5,6,1.0708,2,150,1424,0,9,0.82,103,577,213,0
liam-hq/liam,3152,1,1,1,0.0,478,457,22363,0,22,0.12,1073,79,34,0
liam-hq/liam,3174,1,1,1,0.0,3,1,75,1,9,2.74,32,51,11,0
liam-hq/liam,3169,1,4,4,1.7411,56,74,486,1,4,0.8,10,51,11,0
liam-hq/liam,3173,2,4,8,2.7893,26,15,1534,0,23,1.17,683,79,34,0
liam-hq/liam,3168,1,5,6,2.3219,5,5,616,1,11,2.09,95,577,213,0
liam-hq/liam,3171,1,4,6,2.383,34,25,435,0,5,15.07,73,79,34,0
liam-hq/liam,3170,2,3,5,1.9995,27,22,561,1,7,8.58,39,79,34,0
liam-hq/liam,3133,2,5,5,2.0133,13,4,202,0,3,67.84,7,79,34,0
liam-hq/liam,2859,3,7,12,2.1455,465,130,22965,0,25,29.16,1716,79,34,0
liam-hq/liam,3151,2,45,52,1.3204,451,844,28671,0,26,22.11,1766,41,15,0
liam-hq/liam,3161,1,1,2,0.9651,239,76,342,0,1,3.35,7,79,34,0
liam-hq/liam,3160,1,3,3,0.6913,1186,161,378,1,1,6.25,4,79,34,0
liam-hq/liam,3163,2,4,4,nan,57,9,0,0,0,0.0,0,0,0,0
liam-hq/liam,3158,1,20,30,4.0522,349,347,6588,0,12,7.6,213,78,34,0
liam-hq/liam,2922,1,6,7,2.1985,137,9,7591,0,10,42.21,81,78,34,0
liam-hq/liam,3155,2,5,11,3.2873,32,19,1638,0,22,1.74,544,77,33,0
liam-hq/liam,3114,2,12,13,2.3242,45,120,23559,1,22,20.84,1146,76,32,0
liam-hq/liam,3119,1,2,3,1.0863,52,50,3181,1,2,7.64,25,51,11,0
liam-hq/liam,3121,1,13,19,3.2865,363,8,2206,0,10,4.19,164,577,223,0
liam-hq/liam,3118,2,2,6,2.347,152,17,1748,1,2,15.74,14,76,33,0
liam-hq/liam,2936,2,3,4,0.9799,9,3,95,1,5,83.51,8,76,33,0
liam-hq/liam,3123,1,11,17,3.43,44,94,320,0,8,15.29,132,51,11,0
liam-hq/liam,3120,1,1,1,0.0,111,0,0,0,0,0.0,0,75,32,0
liam-hq/liam,3115,2,7,15,2.3395,2,924,23798,0,22,41.67,1385,75,32,0
liam-hq/liam,3129,1,4,8,2.2992,296,141,319,0,7,12.16,71,75,32,0
liam-hq/liam,3140,1,1,2,1.0,2,2,293,1,1,33.92,3,577,225,0
liam-hq/liam,3122,1,2,2,0.0,1,1,40,0,4,2.97,13,577,225,0
liam-hq/liam,3148,1,1,1,0.0,565,387,22508,1,21,0.03,1052,75,32,0
liam-hq/liam,3138,1,1,1,0.0,1,1,1,0,2,35.89,5,75,32,0
liam-hq/liam,3136,2,2,2,0.5436,8,8,22728,0,21,0.99,1077,75,32,0
liam-hq/liam,3130,2,3,3,0.9864,11,11,22800,1,21,1.33,1342,75,32,0
liam-hq/liam,3147,1,1,1,0.0,2,2,22508,0,21,0.02,1051,420,203,0
liam-hq/liam,3145,1,1,1,0.0,2,2,22508,0,21,0.02,1050,419,202,0
liam-hq/liam,3135,1,1,4,2.0,4,4,461,0,11,42.09,85,39,13,0
liam-hq/liam,3144,1,1,1,0.0,387,565,22686,0,21,1.42,1048,418,201,0
liam-hq/liam,3137,1,1,2,0.5917,7,7,22746,0,21,1.88,1182,39,13,0
liam-hq/liam,3127,1,1,2,1.0,2,2,197,0,10,40.08,53,39,13,0
liam-hq/liam,3126,1,1,1,0.0,1,1,29,0,3,8.96,3,39,13,0
liam-hq/liam,3125,1,1,3,1.585,3,3,356,0,6,8.96,65,39,13,0
liam-hq/liam,3131,2,2,2,0.5436,8,8,22714,1,21,0.1,1082,413,200,0
liam-hq/liam,3128,2,17,18,1.0152,332,332,23456,0,24,2.79,2357,411,198,0
liam-hq/liam,3101,1,4,7,2.6681,26,42,1964,0,11,16.84,139,51,11,0
liam-hq/liam,3086,1,4,6,1.8752,144,16,254,0,3,3.93,17,75,33,0
liam-hq/liam,3113,1,11,18,3.8805,0,110,3908,0,12,7.56,334,51,11,0
liam-hq/liam,3087,1,4,7,0.7727,135,156,1402,0,10,0.72,216,75,33,0
liam-hq/liam,3112,2,4,7,2.6258,22,9,1492,0,22,0.48,648,51,11,0
liam-hq/liam,3104,1,3,6,1.7687,385,87,1344,0,8,14.86,99,39,13,0
liam-hq/liam,3108,2,3,4,1.6774,15,1,454,1,8,95.31,43,75,33,0
liam-hq/liam,3102,2,6,9,2.2285,426,54,23086,0,24,9.25,1213,75,33,0
liam-hq/liam,3111,1,1,1,0.0,0,1,33,0,6,3.16,17,75,33,0
liam-hq/liam,3110,1,4,4,1.1451,28,37,198,0,6,2.11,31,577,225,0
liam-hq/liam,3063,2,5,12,3.4279,32,24,1764,0,22,6.17,651,39,13,0
liam-hq/liam,3098,1,1,1,0.0,451,0,165,0,2,76.26,2,39,13,0
liam-hq/liam,2955,2,3,3,1.325,14,14,24513,0,21,3.17,1094,39,13,0
liam-hq/liam,3106,1,1,1,0.0,1,4,126,1,3,0.33,7,39,13,0
liam-hq/liam,3100,1,6,10,2.0777,120,104,1767,0,10,2.86,265,39,13,0
liam-hq/liam,3093,1,1,1,0.0,19,6,82,1,3,7.32,9,39,13,0
liam-hq/liam,3105,2,2,3,1.2857,42,1,1128,1,3,0.27,9,51,11,0
liam-hq/liam,3062,2,4,7,2.1604,236,132,23290,1,24,9.56,1345,39,13,0
liam-hq/liam,3096,1,2,2,0.0575,302,0,52,0,8,1.09,74,75,33,0
liam-hq/liam,3089,1,1,2,0.2031,126,0,26,1,2,13.94,2,75,33,0
liam-hq/liam,3095,1,2,2,0.9887,13,3,292,1,5,8.08,13,393,167,0
liam-hq/liam,3085,1,9,20,3.2201,401,16,635,0,7,24.91,50,75,33,0
liam-hq/liam,3079,1,1,2,0.9625,148,15,2054,1,2,5.94,10,51,11,0
liam-hq/liam,3091,1,5,5,2.1997,8,5,453,0,5,6.61,71,393,167,0
liam-hq/liam,3094,1,1,1,0.0,3,1,40,0,2,40.82,3,75,33,0
liam-hq/liam,3092,1,1,1,0.0,3,1,262,1,4,8.16,11,75,33,0
liam-hq/liam,3088,1,1,1,0.0,14,3,133,0,5,2.84,16,75,33,0
liam-hq/liam,3077,1,3,5,2.0438,206,41,372,0,5,3.66,57,577,233,0
liam-hq/liam,3082,1,3,3,1.0003,399,253,824,1,4,13.32,12,74,32,0
liam-hq/liam,3061,2,9,11,nan,428,171,0,0,0,0.0,0,0,0,0
liam-hq/liam,3072,1,12,23,3.2471,660,19,1449,0,10,18.04,122,74,32,0
liam-hq/liam,3078,1,1,1,0.0,8,0,151,1,6,7.36,21,393,167,0
liam-hq/liam,3073,1,4,7,2.1697,185,84,1223,1,9,5.01,216,50,10,0
liam-hq/liam,3070,1,2,2,0.0932,49,119,306,1,2,31.43,3,38,12,0
liam-hq/liam,3074,2,4,7,1.4953,264,190,24018,1,21,6.34,1145,577,233,0
liam-hq/liam,3016,1,2,4,1.5457,538,5,3783,0,2,4.66,21,50,10,0
liam-hq/liam,3053,1,7,10,2.8638,0,18,1614,0,10,7.73,212,74,32,0
liam-hq/liam,3067,1,1,2,0.8235,154,5,1109,0,2,13.63,4,74,32,0
liam-hq/liam,3011,1,3,9,2.3453,284,28,2677,0,2,13.84,11,74,32,0
liam-hq/liam,3060,1,2,2,0.3641,1189,48,161,1,5,1.14,9,74,32,0
liam-hq/liam,3068,1,5,6,1.5852,53,15,559,0,4,1.97,28,577,240,0
liam-hq/liam,3066,1,1,1,0.0,3,4,52,1,4,0.06,8,38,12,0
liam-hq/liam,3065,1,1,1,0.0,0,1,53,0,3,0.81,7,38,12,0
liam-hq/liam,3064,2,3,4,1.9495,20,2,84,0,2,10.29,2,74,32,0
liam-hq/liam,3033,2,21,22,0.7747,974,959,23760,0,24,6.59,2336,74,32,0
liam-hq/liam,3046,1,3,5,1.5723,173,11,192,0,3,1.9,16,74,32,0
liam-hq/liam,2943,2,3,7,1.8924,120,16,263,0,9,54.94,38,224,138,0
liam-hq/liam,3058,1,1,1,0.0,4,0,49,1,3,19.43,6,577,240,0
liam-hq/liam,3055,1,4,7,1.7456,339,20,221,0,5,2.48,21,38,12,0
liam-hq/liam,3054,1,1,1,0.0,9,3,75,1,1,18.27,1,38,12,0
liam-hq/liam,3029,1,2,2,0.8524,50,94,430,0,2,12.76,11,38,12,0
liam-hq/liam,3051,1,4,5,1.3828,46,47,216,0,9,4.23,76,38,12,0
liam-hq/liam,3041,2,2,2,0.0653,225,34,22453,0,24,0.93,1277,38,12,0
liam-hq/liam,3050,1,1,1,0.0,2,1,81,0,4,0.29,11,38,12,0
liam-hq/liam,3056,2,3,3,0.6362,71,6,120,0,9,1.56,44,74,32,0
liam-hq/liam,3044,2,5,13,2.9196,310,28,235,0,17,16.73,112,74,32,0
liam-hq/liam,3059,1,1,1,0.0,1,0,132,0,4,4.18,15,393,167,0
liam-hq/liam,3052,1,5,5,1.5192,102,9,581,0,6,7.69,26,50,10,0
liam-hq/liam,3020,1,1,2,0.9628,381,17,1496,0,2,12.37,4,50,10,0
liam-hq/liam,3048,1,1,1,0.0,1218,1407,22559,0,21,0.05,1036,74,32,0
liam-hq/liam,3038,2,2,2,0.65,6,6,22623,1,24,0.7,1158,74,32,0
liam-hq/liam,3049,1,1,1,0.0,3,1,79,0,4,3.99,10,393,167,0
liam-hq/liam,3040,2,7,7,0.1789,543,543,22926,1,24,7.98,1953,74,32,0
liam-hq/liam,3035,2,3,3,0.9864,9,9,22674,1,21,2.8,1314,74,32,0
liam-hq/liam,3009,3,6,6,1.4897,340,1,7166,0,8,42.11,111,74,32,0
liam-hq/liam,3045,1,3,6,2.0298,90,52,249,0,5,22.41,14,74,32,0
liam-hq/liam,3032,1,1,1,0.0,1,1,29,0,2,10.97,2,74,32,0
liam-hq/liam,3031,1,1,3,1.585,3,3,356,0,6,6.02,62,74,32,0
liam-hq/liam,3034,2,2,2,0.4855,21,21,22641,1,21,2.71,1292,577,244,0
liam-hq/liam,3037,2,3,3,0.8167,12,12,22648,1,21,4.51,1122,401,229,0
liam-hq/liam,3036,2,2,2,0.5436,8,8,22587,1,21,4.16,1060,400,228,0
liam-hq/liam,3023,1,2,3,1.5812,165,20,3406,1,2,8.08,9,74,32,0
liam-hq/liam,2999,1,2,4,1.9683,196,202,915,0,7,2.11,39,50,10,0
liam-hq/liam,3028,1,1,1,0.0,13,20,104,0,2,1.09,2,50,10,0
liam-hq/liam,3027,1,1,1,0.0,12,7,118,0,2,34.98,4,38,12,0
liam-hq/liam,3024,1,1,1,0.0,7,3,151,1,4,10.96,7,577,244,0
liam-hq/liam,3006,1,7,10,nan,342,97,0,0,0,0.0,0,0,0,0
liam-hq/liam,3018,1,8,11,2.6389,168,115,409,0,7,13.27,96,50,10,0
liam-hq/liam,3015,2,8,12,3.035,133,96,24906,0,22,8.92,1236,577,244,0
liam-hq/liam,3003,1,1,1,0.0,2,49,122,0,1,1.89,1,577,244,0
liam-hq/liam,3017,1,1,1,0.0,48,68,91,0,4,0.78,6,577,244,0
liam-hq/liam,3004,2,2,3,0.6952,165,1,204,0,3,128.74,8,74,32,0
liam-hq/liam,3019,2,2,3,1.4295,8,7,748,0,19,1.79,303,74,32,0
liam-hq/liam,3013,1,1,1,0.0,1,0,64,1,4,0.22,17,577,250,0
liam-hq/liam,3008,1,1,1,0.0,46,31,89,0,1,1.16,1,577,250,0
liam-hq/liam,3010,1,1,1,0.0,1,1,86,1,2,1.2,12,50,10,0
liam-hq/liam,3007,1,7,12,2.8172,359,826,1263,0,6,7.77,144,74,32,0
liam-hq/liam,2994,1,1,1,0.0,48,30,168,1,6,6.75,29,73,31,0
liam-hq/liam,3000,5,17,38,3.0032,88,3642,34175,0,24,29.24,1744,577,252,0
liam-hq/liam,3002,1,1,1,0.0,2,0,80,0,3,3.66,8,36,10,0
liam-hq/liam,3001,1,1,1,0.0,1,1,149,0,5,0.99,60,36,10,0
liam-hq/liam,2992,1,2,2,0.9544,42,70,5380,0,7,6.77,35,73,31,0
liam-hq/liam,2967,1,5,6,1.1006,472,3,662,0,4,5.82,17,73,31,0
liam-hq/liam,2993,1,1,1,0.0,2,1,47,0,2,14.65,2,73,31,0
liam-hq/liam,2929,1,1,2,0.971,25,0,697,0,5,20.68,13,36,10,0
liam-hq/liam,2982,1,2,4,1.528,229,102,864,0,6,4.4,33,36,10,0
liam-hq/liam,2981,1,6,7,2.0964,10,37,1181,0,11,5.5,156,50,10,0
liam-hq/liam,2944,1,7,9,2.0297,148,73,1465,1,7,17.37,105,73,31,0
liam-hq/liam,2980,1,1,4,1.7378,285,71,1310,1,1,6.04,3,73,31,0
liam-hq/liam,2901,1,5,5,1.9437,24,7,1408,0,8,9.73,88,73,31,0
liam-hq/liam,2985,1,2,4,1.2957,13,13,47,0,2,6.91,3,73,31,0
liam-hq/liam,2984,1,3,3,1.5546,7,5,777,0,9,7.2,78,390,173,0
liam-hq/liam,2979,1,2,3,1.3486,9,2,17,1,4,91.93,4,50,10,0
liam-hq/liam,2978,1,6,7,2.6227,9,12,913,0,6,10.35,93,36,10,0
liam-hq/liam,2971,1,4,6,2.0829,32,24,260,1,4,35.85,11,73,31,0
liam-hq/liam,2972,1,1,1,0.0,1,1,59,1,3,7.72,7,73,31,0
liam-hq/liam,2973,1,2,2,0.1565,6,38,445,1,7,4.76,30,73,31,0
liam-hq/liam,2966,2,2,2,0.0308,267,365,24161,1,22,1.69,1068,50,10,0
liam-hq/liam,2946,2,4,8,2.8467,22,13,1446,0,22,5.74,625,73,31,0
liam-hq/liam,2961,1,1,1,0.0,1,1,37,0,2,48.58,4,50,10,0
liam-hq/liam,2970,1,1,1,0.0,38,5,262,1,3,5.05,9,386,169,0
liam-hq/liam,2968,1,1,1,0.0,1,0,217,0,2,0.36,25,50,10,0
liam-hq/liam,2948,1,7,7,2.3342,261,2,1402,1,3,5.11,10,577,252,0
liam-hq/liam,2964,2,3,3,0.7732,15,15,24244,1,22,1.66,1424,50,10,0
liam-hq/liam,2960,1,1,4,2.0,4,4,50,0,4,106.92,14,50,10,0
liam-hq/liam,2949,1,1,3,1.585,3,3,355,0,6,8.84,58,36,10,0
liam-hq/liam,2938,1,2,5,1.2428,221,8,1860,0,3,5.8,10,577,252,0
liam-hq/liam,2942,3,4,6,1.6581,19,34,24364,0,24,25.13,1152,577,252,0
liam-hq/liam,2950,1,1,1,0.0,1,1,80,0,2,6.04,7,577,252,0
liam-hq/liam,2954,2,2,2,0.3712,33,51,24182,1,22,2.03,1062,577,252,0
liam-hq/liam,2918,1,2,3,1.1247,69,76,318,0,2,26.65,11,50,10,0
liam-hq/liam,2919,1,6,8,2.3316,73,10,437,0,7,32.12,30,50,10,0
liam-hq/liam,2963,2,2,2,0.3451,26,5,24142,1,21,3.78,1050,388,240,0
liam-hq/liam,2962,2,3,3,0.8659,11,11,24213,1,22,0.27,1129,387,239,0
liam-hq/liam,2959,2,3,3,0.9219,10,10,24238,0,24,0.17,1277,386,239,0
liam-hq/liam,2958,2,15,15,1.0259,125,125,24792,0,25,3.75,2114,385,238,0
liam-hq/liam,2957,2,2,2,0.071,117,117,24197,0,24,2.06,1248,384,237,0
liam-hq/liam,2952,2,3,3,0.8167,98,62,24203,1,21,1.35,1100,383,236,0
liam-hq/liam,2951,2,2,2,0.1033,92,56,24130,1,21,1.47,1077,383,236,0
liam-hq/liam,2940,2,6,7,1.5056,1320,91,24245,0,24,5.08,1165,49,10,0
liam-hq/liam,2937,2,4,6,1.6655,165,12,1976,0,8,1.94,41,49,10,0
liam-hq/liam,2934,2,3,5,1.7409,416,123,24202,1,21,20.9,1024,577,263,0
liam-hq/liam,2941,2,14,18,3.3362,153,244,25635,0,23,5.58,1584,577,263,0
liam-hq/liam,2945,2,2,2,0.8315,13,6,170,1,5,1.09,22,577,263,0
liam-hq/liam,2899,1,38,100,6.2819,3963,5583,6493,0,11,3.01,248,49,10,0
liam-hq/liam,2888,2,5,5,1.4164,88,57,24784,0,21,1.28,1318,73,32,0
liam-hq/liam,2935,2,7,14,2.5528,2616,57,30905,0,21,10.18,1132,73,32,0
liam-hq/liam,2932,1,1,1,0.0,29,0,0,0,0,0.0,0,576,263,0
liam-hq/liam,2931,1,1,1,0.0,12,1,210,0,2,2.06,2,49,10,0
liam-hq/liam,2928,1,2,3,0.4079,22,29,772,1,5,1.31,39,49,10,0
liam-hq/liam,2930,2,30,44,4.8773,98,17,13594,0,13,2.06,298,71,30,0
liam-hq/liam,2926,2,16,23,3.3216,323,47,28122,0,22,6.04,1381,49,10,0
liam-hq/liam,2927,1,1,1,0.0,0,1,54,0,4,8.03,13,568,261,0
liam-hq/liam,2909,2,6,13,2.7526,401,246,24600,0,21,27.3,1262,71,30,0
liam-hq/liam,2819,1,1,1,0.0,80,0,0,0,0,0.0,0,71,30,0
liam-hq/liam,2875,2,3,5,2.0716,20,10,1009,0,19,1.08,299,71,30,0
liam-hq/liam,2877,2,2,3,0.6792,236,3,230,0,5,9.74,20,71,30,0
liam-hq/liam,2866,2,3,5,1.4716,14,1,202,1,11,27.13,46,49,10,0
liam-hq/liam,2916,1,1,2,0.9799,36,0,177,0,5,30.36,23,71,30,0
liam-hq/liam,2907,1,2,5,1.5054,50,77,199,0,3,55.49,26,70,29,0
liam-hq/liam,2913,1,10,10,2.859,26,97,936,0,9,15.71,34,70,29,0
liam-hq/liam,2906,1,3,5,1.3365,99,4,156,0,16,29.21,78,49,10,0
liam-hq/liam,2897,6,71,100,6.0025,262,261,11659,0,24,17.43,1460,568,261,0
liam-hq/liam,2890,1,1,1,0.0,2,2,52,0,5,26.2,7,70,29,0
liam-hq/liam,2863,1,1,1,0.0,2,2,24096,0,21,2.36,990,36,11,0
liam-hq/liam,2893,1,1,1,0.0,1,0,37,0,3,61.18,3,70,29,0
liam-hq/liam,2902,1,1,1,0.0,7,0,76,0,1,5.12,1,70,29,0
liam-hq/liam,2892,1,2,2,0.3228,11,6,201,1,5,2.44,27,384,170,0
liam-hq/liam,2887,1,1,1,0.0,1,8,215,0,1,0.85,3,70,29,0
liam-hq/liam,2891,1,3,3,1.371,5,5,269,0,4,44.72,9,70,29,0
liam-hq/liam,2886,1,28,64,5.3427,1687,213,776,0,14,33.55,142,70,29,0
liam-hq/liam,2884,2,3,4,1.8424,8,6,265,0,2,15.74,7,70,29,0
liam-hq/liam,2883,1,1,2,0.936,158,1,302,1,4,22.12,14,36,11,0
liam-hq/liam,2882,1,9,21,3.6879,470,60,587,0,13,52.01,120,36,11,0
liam-hq/liam,2881,1,4,5,1.4131,252,5,760,1,6,5.07,49,36,11,0
liam-hq/liam,2872,1,3,4,1.4255,77,10,264,0,11,12.85,71,561,254,0
liam-hq/liam,2880,1,1,1,0.0,3,0,28,0,1,0.13,2,561,254,0
liam-hq/liam,2879,1,2,2,1.0,3,1,694,1,6,0.09,12,442,297,0
liam-hq/liam,2878,1,8,23,3.8963,468,67,493,0,11,23.24,86,70,30,0
liam-hq/liam,2868,1,5,11,2.5574,802,339,850,0,8,5.08,184,70,30,0
liam-hq/liam,2876,1,2,4,1.633,28,10,598,0,5,0.9,13,70,30,0
liam-hq/liam,2873,1,3,4,1.9219,5,5,340,0,5,4.17,58,70,30,0
liam-hq/liam,2817,1,2,7,2.3986,1189,222,460,0,4,7.21,7,70,30,0
liam-hq/liam,2865,2,3,6,2.2801,27,18,1237,0,21,2.19,474,70,30,0
liam-hq/liam,2839,1,6,9,2.5624,148,12,1058,0,13,25.41,144,70,30,0
liam-hq/liam,2874,1,1,1,0.0,4,1,41,0,2,39.92,5,70,30,0
liam-hq/liam,2820,1,6,12,3.0781,221,69,559,0,13,58.13,96,69,29,0
liam-hq/liam,2871,1,1,1,0.0,4,0,146,1,6,26.1,19,69,29,0
liam-hq/liam,2870,1,3,4,0.5222,31,19,403,1,11,38.32,70,540,233,0
liam-hq/liam,2869,1,1,1,0.0,8,4,55,1,7,19.2,13,69,29,0
liam-hq/liam,2867,1,1,1,0.0,8,0,0,0,0,0.0,0,47,8,0
liam-hq/liam,2837,1,3,3,0.4183,51,297,776,1,1,4.04,4,538,231,0
liam-hq/liam,2790,1,6,14,3.1732,130,182,1870,0,10,4.33,369,47,8,0
liam-hq/liam,2864,1,1,1,0.0,18,0,28,0,2,67.81,4,538,231,0
liam-hq/liam,2852,2,2,2,0.7219,10,0,57,0,1,164.57,1,69,29,0
liam-hq/liam,2752,2,6,11,2.2489,123,258,24645,0,21,25.36,1015,538,231,0
liam-hq/liam,2857,1,1,1,0.0,1,1,34,1,1,145.95,1,47,8,0
liam-hq/liam,2840,1,1,3,1.585,3,3,355,0,6,8.95,55,36,11,0
liam-hq/liam,2851,2,3,3,0.4427,12,44,24215,1,21,0.15,1070,380,250,0
liam-hq/liam,2850,2,3,3,0.2695,69,37,24194,1,22,0.42,1088,379,249,0
liam-hq/liam,2845,2,18,19,0.8085,343,342,24904,0,25,4.18,2352,378,248,0
liam-hq/liam,2844,2,2,2,0.65,6,6,24136,0,21,2.77,998,378,248,0
liam-hq/liam,2843,2,2,2,0.0637,233,34,23979,0,24,1.16,1213,376,246,0
liam-hq/liam,2841,1,1,2,0.3534,15,15,23957,0,21,2.94,1113,375,245,0
liam-hq/liam,2836,1,1,1,0.0,88,4,57,0,5,9.03,32,384,170,0
liam-hq/liam,2834,1,1,1,0.0,19,0,0,0,0,0.0,0,69,29,0
liam-hq/liam,2832,1,2,3,1.1851,219,5,127,1,4,1.34,6,383,169,0
liam-hq/liam,2827,1,3,7,2.1342,941,0,1445,1,7,15.9,94,69,29,0
liam-hq/liam,2831,1,2,3,1.1948,191,3,252,0,1,1.32,1,383,169,0
liam-hq/liam,2823,1,1,1,0.0,31,3,104,1,8,1.23,62,69,29,0
liam-hq/liam,2807,1,3,4,1.3153,80,10,263,0,5,9.75,30,383,169,0
liam-hq/liam,2826,1,1,1,0.0,0,4,4,0,2,0.19,3,69,29,0
liam-hq/liam,2787,1,34,100,3.3818,715,612,639,0,9,22.39,45,69,29,0
liam-hq/liam,2821,1,1,1,0.0,1,1,2,1,3,0.31,3,36,11,0
liam-hq/liam,2809,1,1,1,1.9107,1,1,2,0,2,142.94,2,36,11,0
liam-hq/liam,2816,2,4,6,1.9107,1,79,24166,0,21,62.78,1245,36,11,0
liam-hq/liam,2818,1,1,1,0.0,1,1,4,1,2,0.18,2,69,29,0
liam-hq/liam,2754,1,7,13,2.8118,341,38,1223,0,8,3.19,140,69,29,0
liam-hq/liam,2814,2,3,3,1.2364,6,13,24331,1,21,1.76,999,69,29,0
liam-hq/liam,2813,1,1,1,0.0,0,6,10,0,1,136.93,1,36,11,0
liam-hq/liam,2808,1,1,1,0.0,8,2,120,1,2,1.18,5,36,11,0
liam-hq/liam,2786,1,12,15,3.1027,165,72,636,0,18,17.74,157,36,11,0
liam-hq/liam,2805,1,2,6,1.9286,181,50,282,0,5,0.62,30,536,229,0
liam-hq/liam,2800,1,1,1,0.0,64,0,0,0,0,0.0,0,69,29,0
liam-hq/liam,2784,1,2,4,1.4125,100,20,142,0,4,1.04,19,69,29,0
liam-hq/liam,2749,1,3,4,1.0521,304,25,675,0,6,2.88,72,69,29,0
liam-hq/liam,2746,1,2,2,0.1831,33,3,329,0,4,2.03,18,69,29,0
liam-hq/liam,2802,1,2,2,1.0,0,2,112,0,7,0.28,112,370,156,0
liam-hq/liam,2804,1,1,1,0.0,4,0,13,0,1,28.17,1,370,156,0
liam-hq/liam,2803,1,1,1,0.0,0,1,1,0,1,125.65,1,69,29,0
liam-hq/liam,2797,1,1,2,0.9183,3,3,291,1,5,5.05,33,36,11,0
liam-hq/liam,2799,1,1,1,0.0,57,0,0,0,0,0.0,0,69,29,0
liam-hq/liam,2783,1,1,1,0.0,19,76,92,0,3,8.12,4,36,11,0
liam-hq/liam,2788,1,5,6,2.4236,31,11,457,0,4,11.1,64,36,11,0
liam-hq/liam,2798,1,1,1,0.0,31,8,81,0,8,0.93,60,370,156,0
liam-hq/liam,2765,2,4,8,2.5991,39,20,1378,0,22,16.29,597,69,29,0
liam-hq/liam,2796,1,2,3,0.8929,18,3,175,1,5,1.59,22,69,29,0
liam-hq/liam,2772,1,2,2,0.9991,55,30,618,1,2,2.02,5,69,29,0
liam-hq/liam,2785,1,5,13,2.9904,95,342,1147,0,7,15.64,59,534,227,0
liam-hq/liam,2795,1,1,1,0.0,4,3,232,0,3,5.98,11,69,29,0
liam-hq/liam,2792,2,3,4,1.2606,78,37,522,1,5,121.94,18,69,29,0
liam-hq/liam,2687,1,19,20,2.9869,104,61,3399,0,12,22.65,176,36,11,0
liam-hq/liam,2745,1,5,8,1.8719,137,135,770,0,9,12.34,181,69,29,0
liam-hq/liam,2782,1,9,20,2.5285,20,23,231,0,4,11.4,40,36,11,0
liam-hq/liam,2781,1,1,1,0.0,48,0,0,0,0,0.0,0,36,11,0
liam-hq/liam,2775,1,3,7,2.0924,110,20,199,0,3,29.26,10,69,29,0
liam-hq/liam,2780,1,3,4,1.5207,66,23,259,0,1,8.66,4,69,29,0
liam-hq/liam,2779,1,1,1,0.0,97,300,363,0,2,34.96,6,68,28,0
liam-hq/liam,2778,1,3,3,1.585,0,3,222,0,7,1.41,108,531,224,0
liam-hq/liam,2768,1,5,10,2.7065,124,20,1758,1,8,23.77,49,531,224,0
liam-hq/liam,2724,1,9,20,3.1077,275,665,2151,0,10,3.1,301,68,28,0
liam-hq/liam,2763,1,12,17,2.9897,421,206,1678,0,14,14.56,170,68,28,0
liam-hq/liam,2771,2,5,8,1.8671,347,8,24399,0,22,3.22,1004,35,10,0
liam-hq/liam,2750,1,1,1,0.0,0,4,64,0,7,0.11,43,35,10,0
liam-hq/liam,2770,1,3,3,1.1982,7,6,697,0,8,2.98,52,366,152,0
liam-hq/liam,2769,1,1,1,0.0,0,7,108,0,8,0.84,57,366,152,0
liam-hq/liam,2766,1,1,1,0.0,42,54,86,0,5,5.98,19,366,152,0
liam-hq/liam,2767,1,1,2,0.9183,5,1,285,1,5,25.09,27,68,28,0
liam-hq/liam,2761,1,1,2,0.7025,15,6,63,0,2,36.4,9,526,219,0
liam-hq/liam,2759,1,1,1,0.0,48,2,3,0,2,18.76,2,47,8,0
liam-hq/liam,2756,1,2,5,1.8843,55,103,349,0,7,38.54,19,68,28,0
liam-hq/liam,2758,1,3,4,1.7079,3,45,278,1,3,7.63,38,68,28,0
liam-hq/liam,2683,2,4,11,2.948,205,0,51,0,5,14.44,45,191,118,0
liam-hq/liam,2747,1,1,1,0.0,112,65,258,0,1,5.09,2,525,218,0
liam-hq/liam,2753,1,5,7,2.4368,200,71,511,0,7,4.42,41,525,218,0
liam-hq/liam,2743,1,3,3,1.2701,25,7,491,0,8,1.94,51,366,154,0
liam-hq/liam,2734,1,4,6,2.149,37,5,752,0,6,6.62,102,524,217,0
liam-hq/liam,2751,1,5,9,2.5336,162,27,779,0,8,3.68,162,68,28,0
liam-hq/liam,2587,2,6,8,1.8604,161,119,25395,0,22,17.06,1064,68,28,0
liam-hq/liam,2730,1,2,2,0.6436,106,16,214,0,5,4.83,53,520,213,0
liam-hq/liam,2551,2,3,3,1.4842,5,28,24295,0,21,23.15,957,68,28,0
liam-hq/liam,2735,1,1,7,2.2078,157,131,276,0,2,12.41,9,520,214,0
liam-hq/liam,2705,1,1,1,0.0,6,0,80,0,3,5.01,6,68,28,0
liam-hq/liam,2732,2,4,6,0.6899,45,396,24459,0,21,10.93,1205,68,28,0
liam-hq/liam,2729,1,5,6,1.1013,169,117,1053,0,8,21.23,57,366,156,0
liam-hq/liam,2728,1,1,1,0.0,34,40,693,0,7,0.12,43,366,156,0
liam-hq/liam,2693,2,3,3,0.806,48,36,25681,0,21,2.51,990,365,236,0
liam-hq/liam,2726,1,1,1,0.0,9,29,239,0,4,0.09,21,366,156,0
liam-hq/liam,2722,1,1,1,0.0,23,32,702,0,6,0.08,42,35,10,0
liam-hq/liam,2723,1,3,6,1.904,192,28,460,0,1,3.9,6,517,211,0
liam-hq/liam,2721,1,1,1,0.0,2,14,186,0,5,0.05,35,35,10,0
liam-hq/liam,2717,1,6,10,2.7535,15,140,1410,0,11,5.16,249,35,10,0
liam-hq/liam,2716,1,1,1,0.0,0,652,652,0,8,3.78,32,45,6,0
liam-hq/liam,2685,1,4,6,2.084,144,64,1616,1,5,4.93,90,66,26,0
liam-hq/liam,2698,2,4,4,0.23,140,140,24134,1,24,1.05,1561,35,10,0
liam-hq/liam,2694,2,2,2,0.469,10,10,23975,1,24,0.74,1081,517,211,0
liam-hq/liam,2664,1,3,5,2.0727,200,88,603,0,5,8.48,123,45,6,0
liam-hq/liam,2706,1,1,1,0.0,766,976,24127,0,21,0.04,945,34,9,0
liam-hq/liam,2703,2,2,2,0.4395,11,11,24177,1,21,0.66,1002,361,232,0
liam-hq/liam,2691,1,1,3,1.585,3,3,355,0,6,5.95,52,34,9,0
liam-hq/liam,2689,1,3,4,1.2109,508,158,1175,0,5,3.13,46,34,9,0
liam-hq/liam,2692,1,1,2,0.0647,136,126,24178,0,21,0.01,1069,34,9,0
liam-hq/liam,2697,2,3,3,0.9255,12,17,24201,1,22,0.87,985,34,9,0
liam-hq/liam,2699,1,1,2,0.1461,48,48,24183,0,21,1.29,1063,34,9,0
liam-hq/liam,2700,2,2,2,0.0691,113,129,24221,0,24,1.29,1162,34,9,0
liam-hq/liam,2701,2,18,19,0.9025,431,439,24945,0,25,5.12,2254,358,232,0
liam-hq/liam,2695,2,2,2,0.002,3572,10591,31215,1,21,2.11,991,354,228,0
liam-hq/liam,2681,1,6,15,2.7243,175,299,3565,1,11,3.08,288,66,27,0
liam-hq/liam,2686,1,2,3,0.4079,98,0,0,0,0,0.0,0,66,27,0
liam-hq/liam,2688,1,2,4,1.9238,195,135,402,0,10,0.25,56,34,9,0
liam-hq/liam,2675,1,5,6,2.1433,31,32,790,0,8,48.48,42,45,6,0
liam-hq/liam,2680,1,3,5,1.8,898,569,736,0,9,0.99,63,366,184,0
liam-hq/liam,2684,1,4,5,1.8775,8,60,529,0,10,4.55,122,66,27,0
liam-hq/liam,2676,1,2,2,0.9957,11,15,161,0,5,18.7,6,366,208,0
liam-hq/liam,2672,1,1,1,0.0,7,23,102,0,5,2.09,18,517,224,0
liam-hq/liam,2659,1,4,5,2.0757,20,101,293,0,4,11.95,40,366,208,0
liam-hq/liam,2665,1,1,2,1.0,28,2,205,1,3,21.41,4,517,224,0
liam-hq/liam,2552,2,4,5,0.0429,10616,3585,24736,0,25,18.1,1073,66,27,0
liam-hq/liam,2654,1,2,3,1.2616,376,35,76,0,1,1.5,2,66,27,0
liam-hq/liam,2671,1,1,1,0.0,3,12,105,0,1,1.02,2,34,10,0
liam-hq/liam,2577,1,2,2,1.0,6,16,332,0,3,17.87,6,66,27,0
liam-hq/liam,2650,2,3,4,0.3226,709,15,24196,0,21,15.3,984,66,27,0
liam-hq/liam,2670,1,5,5,2.2374,12,1,620,0,4,32.66,10,66,27,0
liam-hq/liam,2667,1,1,1,0.0,12,0,65,0,1,0.85,3,516,223,0
liam-hq/liam,2660,1,3,4,1.3843,73,47,901,0,6,2.65,45,66,27,0
liam-hq/liam,2668,1,1,1,0.0,45,27,24125,0,21,0.75,926,34,10,0
liam-hq/liam,2662,1,1,5,1.8478,109,59,140,0,2,39.95,11,516,223,0
liam-hq/liam,2666,1,1,1,0.0,1,1,55,0,1,7.0,2,516,223,0
liam-hq/liam,2473,2,4,9,2.8,46,26,1445,0,22,8.74,619,66,27,0
liam-hq/liam,2661,2,8,15,2.3062,25,169,24826,0,21,23.35,1306,34,10,0
liam-hq/liam,2651,1,1,2,1.0,2,2,0,0,1,20.92,2,34,10,0
liam-hq/liam,2561,1,7,12,3.2195,346,255,4355,0,17,13.58,310,66,27,0
liam-hq/liam,2642,2,7,19,3.2432,3073,786,1094,0,2,9.06,9,45,6,0
liam-hq/liam,2656,1,3,7,2.3105,162,22,1002,0,7,13.72,24,516,228,0
liam-hq/liam,2657,1,3,4,1.7319,18,38,944,0,8,11.37,77,366,216,0
liam-hq/liam,2655,1,1,8,2.8498,27,133,1125,0,8,2.13,219,45,6,0
liam-hq/liam,2652,1,1,1,0.0,0,1,93,0,3,14.93,3,516,231,0
liam-hq/liam,2643,1,4,9,2.8796,168,111,1018,0,10,3.82,190,34,10,0
liam-hq/liam,2608,2,11,23,3.7766,959,510,26582,0,23,8.34,1239,66,28,0
liam-hq/liam,2646,1,2,2,0.9183,5,1,46,0,2,139.24,4,45,6,0
liam-hq/liam,2649,1,2,2,0.4138,10,2,188,1,2,15.61,9,366,223,0
liam-hq/liam,2648,1,5,9,3.0931,9,5,1513,1,11,4.56,258,366,223,0
liam-hq/liam,2592,1,15,20,3.1366,655,21,9098,0,9,3.19,198,66,28,0
liam-hq/liam,2645,1,5,5,1.5654,22,4,6723,1,7,32.84,67,366,224,0
liam-hq/liam,2641,2,10,13,2.5528,748,218,26223,0,22,3.56,1218,65,27,0
liam-hq/liam,2639,1,1,3,1.36,8,11,24325,0,21,0.12,1048,65,27,0
liam-hq/liam,2636,1,7,9,2.5227,6,26,1387,0,9,16.42,53,45,6,0
liam-hq/liam,2638,1,2,2,0.3853,66,27,394,1,10,4.41,42,358,217,0
liam-hq/liam,2635,2,2,2,0.7642,6,3,158,0,3,7.54,5,34,10,0
liam-hq/liam,2637,1,3,3,1.0259,1,57,645,0,5,13.4,30,358,217,0
liam-hq/liam,2614,1,9,15,2.8211,852,1590,1983,0,4,4.27,86,65,27,0
liam-hq/liam,2631,2,2,2,0.65,6,6,24220,0,21,1.43,927,65,27,0
liam-hq/liam,2632,1,1,2,0.5917,7,7,24240,0,21,0.01,1037,65,27,0
liam-hq/liam,2629,2,2,3,0.9864,9,9,24268,0,21,1.87,1063,65,27,0
liam-hq/liam,2615,1,1,3,1.585,3,3,355,0,6,7.01,49,65,27,0
liam-hq/liam,2633,1,1,1,0.0,1,1,1,0,2,49.04,4,65,27,0
liam-hq/liam,2628,2,3,3,0.3332,81,81,24309,1,22,0.97,1293,65,27,0
liam-hq/liam,2627,2,2,2,0.1321,65,44,24201,1,21,1.29,963,34,10,0
liam-hq/liam,2634,1,1,1,0.0,7,0,75,0,1,3.76,1,65,27,0
liam-hq/liam,2626,2,3,3,0.3466,17,60,24331,1,22,0.93,1185,34,10,0
liam-hq/liam,2625,2,2,2,0.4395,3,19,24264,1,22,2.46,939,34,10,0
liam-hq/liam,2624,2,3,3,0.4487,19,36,24324,1,22,0.21,989,343,238,0
liam-hq/liam,2623,2,2,2,0.469,10,10,24277,1,21,0.17,957,342,237,0
liam-hq/liam,2622,2,2,2,0.65,6,6,24277,1,21,0.09,953,341,236,0
liam-hq/liam,2621,2,2,2,0.65,6,6,24277,1,21,0.1,951,341,236,0
liam-hq/liam,2619,2,17,18,0.7354,341,341,25004,0,25,2.79,2171,339,234,0
liam-hq/liam,2620,2,2,2,0.65,6,6,24277,1,21,0.45,946,338,233,0
liam-hq/liam,2617,2,2,2,0.071,117,117,24317,0,24,2.6,1121,338,233,0
liam-hq/liam,2618,2,2,2,0.1403,80,21,24222,0,22,0.5,926,336,231,0
liam-hq/liam,2616,1,1,2,0.135,53,53,24236,0,21,2.7,1016,335,230,0
liam-hq/liam,2612,2,3,3,0.3015,46,46,24265,1,22,2.17,968,334,230,0
liam-hq/liam,986,1,1,1,0.0,11,0,0,0,0,0.0,0,30,20,0
liam-hq/liam,2602,1,6,9,2.5153,632,220,1930,0,3,1.5,66,398,256,0
liam-hq/liam,2610,1,1,1,0.0,0,0,0,1,0,0.0,0,45,6,0
liam-hq/liam,2609,1,1,1,0.0,6,3,0,0,0,0.0,0,65,29,0
liam-hq/liam,2601,1,15,26,3.835,340,205,10555,0,10,2.81,374,513,228,0
liam-hq/liam,2606,1,1,1,0.0,2,1,278,1,4,0.19,8,45,6,0
liam-hq/liam,2586,2,10,13,3.154,151,145,25187,0,21,7.83,1205,45,6,0
liam-hq/liam,2603,1,1,2,0.9953,62,75,355,0,8,3.77,80,358,222,0
liam-hq/liam,2605,1,7,7,2.7127,57,43,1611,0,9,10.3,41,65,29,0
liam-hq/liam,2599,1,4,7,2.1648,178,106,1578,0,11,3.74,212,45,6,0
liam-hq/liam,2580,2,6,14,2.9363,726,62,24261,0,21,11.12,912,65,29,0
liam-hq/liam,2568,1,15,28,3.4432,1772,45,636,0,4,7.18,40,390,248,0
liam-hq/liam,2590,1,1,1,0.0,3,1,73,0,1,8.85,1,60,24,0
liam-hq/liam,2600,1,1,1,0.0,1,1,251,1,7,0.14,27,358,222,0
liam-hq/liam,2596,2,4,6,1.3649,139,13,25178,0,22,3.14,994,358,222,0
liam-hq/liam,2598,1,8,10,2.3524,149,167,1752,0,4,1.25,58,65,29,0
liam-hq/liam,2593,1,4,4,1.7257,18,3,311,0,4,12.92,9,357,221,0
liam-hq/liam,2594,2,8,11,2.3114,607,305,24728,0,21,7.81,1165,65,29,0
liam-hq/liam,2284,3,3,3,0.4297,121,8,171,0,10,26.15,44,65,29,0
liam-hq/liam,2540,2,3,3,0.9864,9,9,24123,1,21,1.73,1135,34,10,0
liam-hq/liam,2588,2,23,30,4.1174,405,494,31129,0,22,14.44,1066,63,27,0
liam-hq/liam,2579,1,1,3,1.1656,132,132,2798,1,2,7.07,4,34,10,0
liam-hq/liam,2489,2,8,9,2.0548,26,27,24544,0,25,22.09,1054,60,24,0
liam-hq/liam,2555,1,2,2,0.971,10,10,724,1,7,3.03,19,479,211,0
liam-hq/liam,2575,2,6,11,2.7742,158,3,26567,0,21,1.83,1100,351,215,0
liam-hq/liam,2549,2,30,39,4.8733,196,174,27289,0,28,17.88,1297,45,6,0
liam-hq/liam,2569,1,2,3,1.4815,68,1,255,0,6,3.45,38,34,10,0
liam-hq/liam,2576,1,3,8,1.903,49,37,2617,0,9,0.08,167,490,209,0
liam-hq/liam,2564,2,13,19,3.1906,716,6,32894,0,22,1.39,1122,489,208,0
liam-hq/liam,2571,1,7,13,2.3619,373,184,8649,0,9,5.99,202,34,10,0
liam-hq/liam,2566,1,1,1,0.0,3,0,73,1,1,6.74,2,343,207,0
liam-hq/liam,2559,1,3,4,1.2358,481,4,571,1,5,5.07,26,45,6,0
liam-hq/liam,2527,2,16,26,3.6472,614,228,12289,0,17,11.12,667,45,6,0
liam-hq/liam,2567,1,7,9,2.2567,75,104,623,0,6,5.77,111,343,209,0
liam-hq/liam,2565,2,4,4,1.2451,0,57,24132,0,21,8.09,1120,45,6,0
liam-hq/liam,2560,1,1,1,0.0,5,1,207,1,8,3.96,39,480,207,0
liam-hq/liam,2558,1,1,1,0.0,9,0,154,1,5,0.04,11,45,6,0
liam-hq/liam,2562,1,1,1,0.0,20,9,143,1,4,0.85,8,479,208,0
liam-hq/liam,2550,2,3,4,0.053,726,679,24091,0,24,0.89,1149,479,209,0
liam-hq/liam,2533,1,1,1,0.0,1,0,119,0,1,3.05,1,479,209,0
liam-hq/liam,2556,2,5,16,2.8266,40,12,47,0,9,19.75,21,34,10,0
liam-hq/liam,2554,1,2,5,1.9848,662,74,645,0,7,5.4,22,479,211,0
liam-hq/liam,2534,2,25,27,1.2649,401,402,25339,0,26,19.61,2137,332,234,0
liam-hq/liam,2529,1,4,4,1.7231,12,9,279,0,1,2.84,6,43,4,0
liam-hq/liam,2520,1,6,12,2.5609,254,259,1642,0,9,8.01,161,43,4,0
liam-hq/liam,2485,1,1,2,0.5381,185,10,126,0,5,2.74,29,33,9,0
liam-hq/liam,2544,2,2,2,0.65,6,6,24033,1,21,0.85,1100,33,9,0
liam-hq/liam,2546,2,2,2,0.65,6,6,24003,0,24,2.0,994,479,217,0
liam-hq/liam,2456,1,2,5,2.0112,268,251,324,0,4,5.02,63,43,4,0
liam-hq/liam,2528,1,1,1,0.0,1,1,16,1,2,2.67,2,43,4,0
liam-hq/liam,2538,2,2,2,0.4138,24,24,24033,1,21,3.42,1095,33,9,0
liam-hq/liam,2545,2,2,2,0.1074,47,94,24039,1,21,1.21,898,33,9,0
liam-hq/liam,2547,2,4,4,0.9934,16,16,24197,0,24,3.69,1312,33,9,0
liam-hq/liam,2531,1,1,3,1.585,3,3,323,0,6,5.44,41,33,9,0
liam-hq/liam,2543,2,2,2,0.65,6,6,24039,1,21,0.02,895,326,235,0
liam-hq/liam,2542,2,3,3,0.8167,12,12,24086,1,22,1.88,918,324,233,0
liam-hq/liam,2541,2,2,2,0.5436,8,8,24039,1,21,2.28,891,323,232,0
liam-hq/liam,2539,2,2,2,0.65,6,6,24081,0,24,0.37,1074,322,231,0
liam-hq/liam,2537,2,2,2,0.1738,77,77,24045,0,22,2.86,988,321,231,0
liam-hq/liam,2532,2,2,2,0.0661,120,135,24096,0,24,2.82,1071,319,230,0
liam-hq/liam,2483,1,2,4,1.6483,109,36,296,0,8,0.57,79,33,9,0
liam-hq/liam,2482,1,2,4,0.2758,66,119,463,0,5,0.27,33,33,9,0
liam-hq/liam,2524,1,1,1,0.0,1,1,16,0,1,1.01,1,475,224,0
liam-hq/liam,2515,1,14,19,3.4149,449,450,998,0,4,2.66,46,33,9,0
liam-hq/liam,2518,1,1,2,0.8667,27,25,156,0,3,0.58,5,43,4,0
liam-hq/liam,2511,1,1,1,0.0,84,31,47,0,1,1.84,2,475,224,0
liam-hq/liam,2517,1,1,1,0.0,1,1,3,0,1,11.34,1,329,199,0
liam-hq/liam,2516,2,2,2,0.7383,2,22,151,0,4,72.17,7,60,25,0
liam-hq/liam,2510,1,3,14,3.5331,24,272,2044,0,9,1.04,234,33,9,0
liam-hq/liam,2509,1,11,13,3.3598,184,179,966,0,6,7.47,65,470,219,0
liam-hq/liam,8,1,22,57,2.034,11836,0,0,0,0,0.0,0,0,0,0
liam-hq/liam,2457,1,2,6,1.3107,2768,45,84,0,1,15.83,3,60,25,0
liam-hq/liam,2507,1,4,4,1.8524,49,11,767,0,5,1.65,47,33,9,0
liam-hq/liam,2497,1,1,2,0.9294,76,40,145,0,3,6.29,11,60,25,0
liam-hq/liam,2475,1,1,2,0.7664,164,15,281,0,4,0.39,20,60,25,0
liam-hq/liam,2504,1,5,10,2.7829,66,21,1453,0,9,0.73,199,60,25,0
liam-hq/liam,2501,1,1,1,0.0,30,31,75,0,1,0.71,1,60,25,0
liam-hq/liam,2474,1,1,2,0.7055,99,0,181,0,4,0.26,11,33,9,0
liam-hq/liam,2472,2,3,4,1.2597,179,3,615,0,8,0.94,45,60,25,0
liam-hq/liam,2502,1,1,1,0.0,31,15,88,0,3,0.12,9,60,25,0
